Node, Adjacent nodes
96693997:,[1540706633 1190719723]
96693998:,[1194876021 1194875778]
96695689:,[1190843592 1540706607]
96695690:,[1540706612 1196495825]
96695691:,[3237586960 3237586876]
96695693:,[2228669887 1190719681]
96695694:,[3237514058 1214260922]
96695696:,[1196495533 1196495489]
286997395:,[2970863743]
347422959:,[627337853 1271495485]
347711631:,[419056120 3323382366 3323382370 3323382368]
416334375:,[1589963485 1589963549]
419037860:,[3081151836 1190952816]
419037880:,[3119810152 1572371349]
419037898:,[1572371355 2262603759]
419037947:,[3171583468 419037964]
419037952:,[508150890 4114670039 4114670093]
419037957:,[4114670093 419037959 1191013083]
419037958:,[4114670093 508150890 4114670030]
419037959:,[4114670029 419037957]
419037960:,[419037964 419037987]
419037964:,[419037947 419037960]
419037971:,[419037972 419037974 847563584 1262215228]
419037972:,[1222015615 419037971 847563531 4114670040]
419037974:,[4114670038 419037971 1262215206]
419037975:,[419037976 1141979603 1204344632]
419037976:,[419037975 1141979835 1262192250]
419037983:,[419037986 1191026138]
419037985:,[419037987 419037986]
419037986:,[419037985 419037983]
419037987:,[419037960 419037985]
419037994:,[1208569986 1208623809 1141979726]
419038002:,[1141979726 1205115390 847563528 419038055]
419038033:,[1204219173 1205240085]
419038034:,[1124811704 5213959415 3163434435]
419038039:,[559661209 419038041]
419038041:,[419038039 419038080]
419038042:,[419038044 1124811704]
419038044:,[419038081 419038042]
419038051:,[419038058 1204219322]
419038052:,[5213959415 1204218971]
419038055:,[1210296623 419038002 1263181757]
419038058:,[420349404 3163402335 419038051 1213050211]
419038062:,[419038067 1222099359 559661215]
419038063:,[419038076 419038093 419038079 419038066]
419038065:,[419038081 5321583805]
419038066:,[419038063 3232211180]
419038067:,[559661224 419038062]
419038068:,[1164485859 420349404 419038070]
419038070:,[419038068 1263141662 1164486069]
419038076:,[419038063 1210318463 1263181748 1208542705]
419038078:,[1164485998 1164486008 1164486000]
419038079:,[419038063 1259840671 1141979713]
419038080:,[419038041 1222099349]
419038081:,[419038065 419038044 419038086 3163402335]
419038086:,[3232211183 419038081]
419038092:,[1141979713 1263181731 1263181748]
419038093:,[419038124 5268027148 419038063]
419038099:,[1186480741 2767947695 1263105846]
419038104:,[1188382005 1186480474 1186480568 1236570262]
419038115:,[1263141662 1263141567]
419038116:,[3547618911 1204219429 1263158476]
419038119:,[419038124 3163806595]
419038122:,[5321583805 3163806595 5321590254]
419038124:,[419038093 419038119]
419038132:,[5268027148 419038186 1410671659 1194325167]
419038150:,[1188365835 1186480474]
419038164:,[2272063209 1186111763]
419038165:,[1180099722 854652695 1234944975]
419038184:,[1180099694 2993242949]
419038186:,[419038132 1204264572 1410671629]
419038216:,[1188214493 419038221 1188214492]
419038221:,[419038216 1188214495 419038231]
419038229:,[1188214487 1188214500 3163333038]
419038231:,[419038221 419038244]
419038236:,[847563586 1251880999]
419038244:,[419038231 419038273]
419038273:,[419038244 419038274 1188214500]
419038274:,[419038273 419038276]
419038276:,[419038274 3163333030]
419038280:,[1157135600 1164547846 1410671646 1410671647]
419038282:,[1232373667 1174038560]
419038285:,[1204390752 1168791109 1204390790 1204385966]
419038302:,[1185033357 1174077436]
419038305:,[1236262489 1234944922]
419038307:,[1204390710 1186111763 1204385820]
419038311:,[1234944950 419038331 419038436 1244240031]
419038315:,[1236570250 1123393523 419038362]
419038316:,[419038359 3667576584 419038333]
419038319:,[419038491 1232373667 419038411 419038369]
419038320:,[419038432 1207632904 1207633143 419038357]
419038321:,[854652189 419038351 3667576585]
419038322:,[1186111795 1236570232 419038398 1236570235]
419038323:,[419038575 419038329 1204299831]
419038325:,[1186311338 1186311180]
419038326:,[419038337 419038357 419038368]
419038328:,[419038442 419038364 1236570260 1168791290]
419038329:,[419038323 419038761]
419038331:,[419038409 1234944947 419038311 419038341]
419038333:,[419038347 854652189 419038316 854653033]
419038337:,[419038495 419038326 419038352 419038394]
419038338:,[419038540 1119977681 419038495]
419038339:,[419038501 1339205952]
419038340:,[419038482 1244235580]
419038341:,[419038493 419038331 419038418]
419038345:,[1204390742 4309730798 2272063516 419038356]
419038346:,[419038353 419038350 419038351 1234944973]
419038347:,[1236262513 419038333 419038349]
419038349:,[419038347 419038350 1234944989]
419038350:,[419038349 419038346]
419038351:,[419038346 1234944950 1234944971 419038321]
419038352:,[582976284 419038337 1247046914]
419038353:,[419038346 419038359]
419038356:,[1163743914 1594655826 419038345]
419038357:,[419038326 419038320 1207633073]
419038358:,[419038371 1232393991 3247302961]
419038359:,[419038353 419038316]
419038361:,[1245459808 1220914905 419038386]
419038362:,[419038773 419038315 1123393432]
419038364:,[419038328 1236570253]
419038367:,[1236570242 1236570233]
419038368:,[419038326 1247046909 1207632863]
419038369:,[419038319 419038373]
419038370:,[419038509 1609675138 1119977681]
419038371:,[1232373879 419038373 419038358]
419038372:,[1236570235 1186111822]
419038373:,[419038369 419038371]
419038377:,[419038387 1236305136]
419038380:,[1243617015 419038480]
419038381:,[419038389 419038428]
419038386:,[1339205953 419038361 419038492]
419038387:,[419038391 419038377]
419038389:,[419038510 419038381]
419038391:,[419038488 419038387 419038436]
419038394:,[419038337 419038455 419038432]
419038395:,[419038440 419038511]
419038398:,[419038579 1245459808 419038492 419038322]
419038403:,[419038505 1199798263]
419038409:,[419038441 419038331]
419038411:,[419038419 419038319]
419038412:,[1179983480 1188556013]
419038416:,[1236305136 419038484 854652189]
419038418:,[419038536 419038341 419038437]
419038419:,[419038583 1609675138 419038509 419038411]
419038423:,[419038567 1339205952]
419038426:,[3232889563 419038491 419038474 1232373879]
419038428:,[419038429 419038431 419038381]
419038429:,[2391774520 419038428]
419038431:,[419038428 1186311086]
419038432:,[419038394 419038320]
419038436:,[419038391 419038311]
419038437:,[419038669 419038418 1243617015]
419038440:,[1186311086 419038395]
419038441:,[419038493 419038479 419038409]
419038442:,[419038328 419038483 1194319465]
419038444:,[419038573 419038507 419038479]
419038445:,[3247301304 419038459]
419038448:,[419038569 559661235]
419038451:,[419038537 3232888035 419038655 419038491]
419038455:,[419038394 419038569]
419038457:,[419038465 419038510]
419038458:,[419038480 419038624]
419038459:,[1135561948 419038445 419038500]
419038465:,[1188605631 1236199412 419038457]
419038471:,[419038566 419038505]
419038474:,[419038517 419038426 1232373732]
419038479:,[419038444 419038441]
419038480:,[419038458 419038380 419038572]
419038482:,[871677591 419038340 1192640416]
419038483:,[1236570260 419038563 419038442]
419038484:,[419038565 419038416 419038511 854653015]
419038488:,[419038507 419038391]
419038491:,[419038426 419038583 419038451 419038319]
419038492:,[419038386 1186111721 419038398 419038551]
419038493:,[419038341 1188628946 419038441]
419038495:,[419038596 419038337 419038338 419038626]
419038498:,[419038500 3244896944]
419038500:,[419038459 419038498 1226380023]
419038501:,[419038339 419038548 1339205953]
419038503:,[1236570232 1186111827]
419038505:,[419038471 419038403]
419038507:,[419038444 419038488]
419038509:,[419038657 419038370 419038540 419038419]
419038510:,[419038457 419038389]
419038511:,[419038395 419038484]
419038513:,[871677591 1236199413 1192640416]
419038517:,[419038541 419038474]
419038518:,[419038654 1179983423]
419038519:,[1179983336 419038585]
419038520:,[1135561931 419038602 419038529]
419038521:,[419038781 419039001 1410671619]
419038523:,[419038533 419038580 419038524]
419038524:,[419038523 419038602 419038581]
419038529:,[419038520 419038566]
419038530:,[3244896944 419038667 1135561936]
419038533:,[419038523 419038648]
419038536:,[419038418 419038669 419038573]
419038537:,[4041925943 419038451 419038538 419038583]
419038538:,[419038716 419038537]
419038540:,[419038739 419038338 419038758 419038509]
419038541:,[419038667 419038517]
419038548:,[1339205951 419038501]
419038551:,[419038567 419038605 419038492]
419038563:,[1236570249 1186111827 419038483]
419038565:,[419038630 419038484]
419038566:,[419038529 419038471]
419038567:,[1339205951 419038551 419038423]
419038569:,[419038455 419038626 419038448]
419038572:,[419038746 419038480 419038670]
419038573:,[1188628946 419038613 419038536 419038444]
419038575:,[1204299948 419038323]
419038579:,[1236570232 1186111721 1245459810 419038398]
419038580:,[3244896944 419038523]
419038583:,[419038491 419038634 419038537 419038419]
419038585:,[419038519 1633473911 1179983428]
419038592:,[3245631769 419038646 419038634]
419038596:,[419038495 419038758 419039040]
419038598:,[419038692 419038667 419038618]
419038602:,[419038858 419038771 419038769 419038520 419038524]
419038605:,[419038497 419038885 419038773 419038551]
419038607:,[872139304 419038718 419038630]
419038608:,[1186111721 419038756 419038885 419038633]
419038610:,[1186067226 419038654 1186067275]
419038611:,[419038765 419038766]
419038613:,[419038573 1244235568]
419038614:,[1236199415 1188605631]
419038618:,[419038598 419038655]
419038624:,[419038458 1328720403 419038746 419038669]
419038626:,[419038821 419038569 419038495]
419038629:,[419038688]
419038630:,[419038565 537967797 419038607]
419038633:,[419038608 1186111827 1245459810]
419038634:,[419038583 419038592 419038657]
419038637:,[419038640 1124884214 419038853]
419038640:,[537967797 419038637 872139972]
419038641:,[419038670 419038651]
419038646:,[4041926264 419038592 4041925943]
419038648:,[419038533 419038721]
419038651:,[419038641 1243613478]
419038654:,[419038610 419038518]
419038655:,[419038618 419038451]
419038657:,[419038739 419038634 419038509]
419038660:,[419038619 1179983397]
419038664:,[1179983397 1179983336]
419038667:,[419038598 419038530 419038541]
419038669:,[419038624 419038536 419038747 419038437]
419038670:,[419038572 419038641]
419038679:,[419038692 419038716]
419038680:,[419038721 419038769 419038856]
419038681:,[419038711 419038786 1135561950]
419038684:,[419038744 1147387281 1243613481]
419038688:,[419038840 419038629]
419038690:,[419038822 419038712]
419038691:,[419038790 419038693 419038721]
419038692:,[419038832 419038598 419038679 419038839 419038693]
419038693:,[419038692 419038691]
419038698:,[1328720403 1244235593 1244235573]
419038704:,[1180006233 1633474023]
419038709:,[419038719 419038765]
419038711:,[1206996504 419038681]
419038712:,[419038690 1180099698]
419038716:,[419038839 419038679 419038538]
419038718:,[872139653 419038607 872139842]
419038719:,[419038979 419038709]
419038721:,[419038648 419038691 419038680]
419038722:,[1186067227 1186067276]
419038731:,[1180099698 1633473975]
419038735:,[419038766 1124884095]
419038736:,[419038758 419038800 1328638998]
419038739:,[419038657 419038800 419038540 3245631769]
419038744:,[419038684 1243613478 419039005]
419038746:,[419038572 419038812 419038624]
419038747:,[419038669 1244235583 1244235593]
419038756:,[419038608 1594655826 419038861 1594655856]
419038758:,[419038596 419038736 419038540]
419038761:,[419038781 419038329]
419038765:,[419038709 419038611]
419038766:,[419038611 419038735 1186374239]
419038769:,[419038680 419038602]
419038771:,[419038602 1206996504]
419038773:,[419038362 419039310 419039018 419038605]
419038781:,[3082738023 419038521 419038761]
419038784:,[419039067 419039130 419038831 419038856]
419038785:,[419039027 1186067227]
419038786:,[419038681 1199798398 419038991]
419038787:,[419038794 419038896]
419038790:,[419039137 419038691 419038880]
419038792:,[872139638 1123393465 419039128]
419038793:,[419038900 1147386885]
419038794:,[419038804 419038787]
419038797:,[419039035 419038822]
419038800:,[419038739 419038736 419038866]
419038804:,[2556834941 419038814 419038794]
419038812:,[419038746 1244235574]
419038814:,[419038842 419038804]
419038817:,[419039141 419039026 419038840]
419038819:,[1147387349 1147387281 1147387429]
419038821:,[1119977677 419038626]
419038822:,[419038797 419038690]
419038827:,[872139691 872139653 872139510]
419038831:,[419038784 1206996452 419038858]
419038832:,[419038984 419038692]
419038839:,[3245631765 419038716 3245631440 419038692]
419038840:,[419038688 419038817 419038852]
419038842:,[2556835551 419038814]
419038846:,[1206996457 419038848]
419038848:,[419038846 419039142]
419038849:,[847563574 419039088]
419038852:,[1186067238 559726117 419038840]
419038853:,[419038637 1123393465]
419038856:,[419039034 419038680 419038784]
419038858:,[419038831 419038602]
419038861:,[419038885 1152626608 419038756 419039316]
419038866:,[419039154 3245631446 419038800 419039125]
419038867:,[419039244 1594655856 1168359578]
419038870:,[872139485 1633474048]
419038873:,[419039162 419039011]
419038877:,[1339187697 419039101 419039026]
419038880:,[419039122 419039034 419038790 419039080]
419038882:,[419039454 419038986]
419038885:,[419038605 419038861 419039310 419038608]
419038888:,[419038902 419038900]
419038890:,[419038986 419039089]
419038891:,[1124884327 1124884659]
419038894:,[419038996 419039161 1119977677]
419038896:,[419038787 1633474071 1124884125]
419038900:,[419038888 419038793]
419038902:,[1243613453 419038888]
419038979:,[1186374410 419038719]
419038984:,[419039167 419038832 419039137 3245631440]
419038986:,[419038882 419038890]
419038990:,[1140837026 419039322 1353693346]
419038991:,[419038786 419039142]
419038996:,[419038894 1328638998 419039040]
419039001:,[1171643105 419038521]
419039005:,[1147387198 419038744 1540706719]
419039011:,[419038873 419039035]
419039016:,[1147387224 1147387137]
419039018:,[3349687221 1236570229 419039249 419038773]
419039026:,[419038877 419038817]
419039027:,[419039140 419038785]
419039028:,[3349687224 1186067292]
419039034:,[419038880 419038856 419039130]
419039035:,[419039011 419038797]
419039040:,[419038996 419038596]
419039042:,[419039280 1453490381]
419039043:,[872139241 419039104 528243311]
419039053:,[419039107 854653007]
419039058:,[419039060]
419039059:,[1213926792 419039177]
419039060:,[419039058 1633474071 1124884138 1633474081]
419039065:,[419039171 3245631429 419039167]
419039067:,[419038784 419039320 419039142 419039315]
419039073:,[1540706719 419039103]
419039075:,[419039142 1199798398]
419039077:,[419039117 419039190 1124884441]
419039078:,[419039199 419039230 872139069]
419039080:,[419038880 419039317 419039305 419039130]
419039084:,[419039206 3082736753]
419039088:,[419039329 419038849 1141979673]
419039089:,[419038890 419039242]
419039093:,[419039098 419039154]
419039098:,[419039125 419039093]
419039101:,[419039290 419038877]
419039103:,[419039073 419039107]
419039104:,[872139691 1113668889 419039043]
419039107:,[419039300 419039103 419039053]
419039110:,[1147292795 1147294149]
419039111:,[1135561942 419039171 3245631429]
419039113:,[419039206 1213926792]
419039114:,[419039275 419039174]
419039117:,[1124884745 419039077]
419039122:,[419039211 419038880 1439253310 419039137]
419039125:,[419039098 419038866 3245631412]
419039130:,[419039315 419039034 419039080 419038784]
419039137:,[419038790 419039122 419038984]
419039138:,[1453490379 1453490386]
419039140:,[3349687223 419039027 3349687222]
419039141:,[419038817 419039180 1168254142]
419039142:,[419038848 419039075 419038991 419039067]
419039143:,[419039128 419039199]
419039145:,[419039270 3349687222]
419039147:,[1124884659 419039159 1124884125]
419039154:,[419039093 1193335003 419038866]
419039159:,[419039147 1180076401 1186374410]
419039161:,[419039183 419038894]
419039162:,[1633474081 419038873]
419039167:,[419039065 419038984 419039211]
419039170:,[854653007 1540706706]
419039171:,[419039065 3245631451 419039111]
419039174:,[419039114 419039180]
419039177:,[419039059 1204299621]
419039180:,[419039174 419039141]
419039181:,[419039190 1180076401]
419039183:,[1540706722 1540706706 419039161]
419039190:,[419039077 419039181]
419039195:,[3349687225 3349687223]
419039199:,[419039143 419039078 872139378]
419039204:,[1113668889 846868320 528243311]
419039206:,[419039113 1213926322 419039084]
419039207:,[419039418 1193335003]
419039208:,[419039308 419039221]
419039209:,[1453490387 419039322]
419039210:,[1328638999 1540706722 419039418]
419039211:,[419039122 419039167 1439253316]
419039215:,[3349687248 419039313 3349687244]
419039216:,[4041525179 4041524728]
419039217:,[419039800 3082738023]
419039218:,[419039371 1124811934 419039316 419039556]
419039219:,[419039266 1339187697]
419039220:,[419039459 419039374]
419039221:,[419039431 419039208 419039416]
419039222:,[419039317 419039414 419039315 419039396]
419039223:,[5281667768]
419039226:,[872139662 872139109 419039327]
419039229:,[419039326 4041525702]
419039230:,[419039078 872139572]
419039232:,[419039424 419039326]
419039234:,[3349687247 3349687245]
419039238:,[3349687251 3349687250 3349687255 3349687246 3349687247]
419039241:,[419039306 419039342]
419039242:,[419039089 1141979673 419039337]
419039243:,[1171649627 1171643105 1168120338]
419039244:,[419039356 419038867 4256622788 419039360]
419039246:,[419039538 1168359578 419039402]
419039247:,[1162099511 3349687248 3349687250]
419039249:,[1184261927 419039347 419039018]
419039252:,[419039333]
419039254:,[872139893 1633474186 872139109]
419039257:,[419039426 1124884745]
419039258:,[1633474281 1633474338]
419039260:,[419039511 419039274 419039379]
419039262:,[419039412 419039305]
419039266:,[419039408 419039219]
419039270:,[559726118 419039145]
419039274:,[419039260 1147294149]
419039275:,[419039287 419039114]
419039279:,[3349687231 559726118]
419039280:,[419039291 419039042]
419039283:,[3349687229 419039290 3349687231]
419039287:,[1339187697 419039275]
419039290:,[419039101 3349687235 419039283]
419039291:,[2239946096 4041524728 419039280]
419039292:,[872139366 419039327 872139069]
419039296:,[1135561942 419039306 3245631412]
419039300:,[419039554 419039107]
419039302:,[419039308 1199798398 419039425]
419039305:,[419039262 1439253310 419039446 419039080]
419039306:,[419039296 419039241]
419039308:,[419039302 419039208]
419039310:,[419038773 1124811751 419039323 419038885]
419039313:,[3349687233 419039215 3349687239]
419039314:,[419039391 3245631429 419039400]
419039315:,[419039130 419039067 419039222]
419039316:,[1124811751 419039386 419038861 419039218]
419039317:,[419039080 419039222 419039412]
419039318:,[419039325 3349687239]
419039320:,[419039414 419039067 419039416]
419039322:,[419039209 1453490398 419038990]
419039323:,[1124811934 3349687221 419039451 419039310]
419039325:,[3349687242 419039318]
419039326:,[419039232 419039229]
419039327:,[419039226 419039292]
419039329:,[419039397 419039088]
419039333:,[419039563 419039252]
419039337:,[419039484 419039242 419039660]
419039338:,[528146011 419039352 971984170 419039415]
419039341:,[1201113622 419039553]
419039342:,[419039241 419039391 419039443]
419039343:,[419039448 419039583]
419039344:,[419039352 1124884549]
419039345:,[872139823 419039395 872139744 872139276]
419039347:,[419039635 419039483 419039249]
419039352:,[419039338 419039344 1133817463 419039429]
419039353:,[419039414 419039569 419039416 3243152434]
419039354:,[419039392 1168120338 4535206583]
419039355:,[419039428 419039380]
419039356:,[419039386 419039244]
419039360:,[419039517 419039244 1168389891]
419039363:,[419039406 419039539 419039379]
419039365:,[2239946096]
419039368:,[1633474388 419039536]
419039371:,[419039725 419039218 419039521 419039386]
419039374:,[419039220 1184646851]
419039376:,[419039570 419039446 1702199446]
419039377:,[419039543 419039380 419039585]
419039378:,[1154559327 1085997590]
419039379:,[419039260 1159648324 419039696 419039363]
419039380:,[419039377 419039355 419039580]
419039381:,[3243152434 419039448 419039414 419039693]
419039384:,[419039367 1133817529 419039411]
419039385:,[419039482 419039388]
419039386:,[419039316 1211729463 419039371 419039356]
419039387:,[419039388 419039547]
419039388:,[419039385 419039387]
419039389:,[419039416 419039491 419039431 419039569]
419039391:,[419039314 1540706726 419039342]
419039395:,[419039345 872139834 846868435]
419039396:,[419039222 419039448]
419039397:,[1213926733 419039329 1141979812]
419039398:,[1157135654 1171649112]
419039400:,[1702143277 419039314]
419039402:,[4271570565 419039246 3349687258]
419039403:,[419039426 1133817555 419039427]
419039405:,[1184261927 419039548]
419039406:,[1206977658 419039363 419039424]
419039407:,[1439253316 419039446]
419039408:,[419039266 1211696127 3349687235]
419039411:,[419039384 872139697 419039415]
419039412:,[419039448 419039262 1206996491 419039317]
419039414:,[419039320 419039381 419039222 419039353]
419039415:,[419039411 1133817383 419039338 872139175]
419039416:,[419039320 419039389 419039221 419039353]
419039418:,[419039207 419039443 419039210]
419039421:,[1133817383 1133817589]
419039422:,[3349687251 3349687260]
419039424:,[419039406 419039232]
419039425:,[419039302 419039455 419039431]
419039426:,[419039403 419039257]
419039427:,[419039403 1633474281 1124884233]
419039428:,[419039455 419039355]
419039429:,[419039352 1133817555]
419039430:,[872139753 872139744 872139582]
419039431:,[419039543 419039221 419039425 419039389]
419039433:,[419039660 419039447]
419039435:,[872139856 419039441 419039442]
419039436:,[419039563]
419039441:,[1113668886 419039435 872139136]
419039442:,[419039435 419039445]
419039443:,[419039342 419039418]
419039445:,[419039367 419039442 1133817586]
419039446:,[419039407 1206996491 419039376 419039305]
419039447:,[419039433 419039454]
419039448:,[419039381 419039412 419039396 419039343]
419039451:,[419039265 419039572 419039323]
419039454:,[419039447 419038882]
419039455:,[419039425 419039428]
419039459:,[1168120338 419039220]
419039461:,[419039557 419039493]
419039462:,[419039503 4271570565 1763889834]
419039463:,[419039497 419039514]
419039464:,[419039811 1147293319 419039587]
419039466:,[419039500 419039580]
419039469:,[419039561 419039704]
419039470:,[419039508 419039554]
419039471:,[419039571 419039699]
419039473:,[419039564 419039520]
419039474:,[419039713 3349687258 419039706]
419039475:,[419039480 419039494]
419039477:,[872139823 872139066]
419039480:,[419039528 419039475]
419039481:,[419039546 419039484]
419039482:,[419039590 419039385 419039837]
419039483:,[419039347 1182346388 3349687262]
419039484:,[419039481 419039337]
419039486:,[419039573 419039492]
419039488:,[419039571 1113668960]
419039491:,[419039535 419039389 419039667]
419039492:,[419039486 419039729]
419039493:,[419039461 419039676 419039713]
419039494:,[419039475 419039711]
419039495:,[419039563 419039860 4920879804 4920879798]
419039497:,[419039463 1159649598 419039539 419039640]
419039500:,[419039843 419039585 419039667 419039466]
419039503:,[419039765 419039462 419039538]
419039505:,[419039720 1147293319]
419039506:,[1113668964 1140837302 1140836420]
419039508:,[419039861 419039470 419039577]
419039510:,[1113668998 419039566 1140836892]
419039511:,[4041456162 419039260 1159649227]
419039512:,[419039702 419039558]
419039513:,[419039726 419039677 1213926733]
419039514:,[419039463 1159648537 1159648657]
419039516:,[419039553 419039718]
419039517:,[1211729463 419039360]
419039520:,[419039473 419039661]
419039521:,[419039844 419039642 419039371]
419039525:,[419039558 419039555]
419039528:,[419039547 419039480]
419039531:,[419039541 419039573]
419039535:,[419039491 419039543]
419039536:,[419039368 419039656]
419039537:,[419039580]
419039538:,[419039246 419039666 1168359513 419039503]
419039539:,[419039363 419039497]
419039541:,[1124884549 419039531]
419039543:,[419039535 419039377 419039585 419039431]
419039546:,[1141979865 419039481]
419039547:,[419039387 419039528]
419039548:,[419039405]
419039552:,[1162099511 1162099434 419039686]
419039553:,[419039341 419039516 1201113590]
419039554:,[419039470 419039300]
419039555:,[1206996491 419039583 419039525]
419039556:,[419039218 419039609]
419039557:,[419039705 419039461]
419039558:,[419039512 419039525]
419039561:,[1141979812 419039469]
419039562:,[419039583 419039632]
419039563:,[419039436 419039495 419039333]
419039564:,[419039530 419039473]
419039566:,[419039510 872139373]
419039569:,[419039353 419039663 419039389 419039600]
419039570:,[1439253319 419039668 419039376]
419039572:,[419039618 419039451]
419039573:,[419039531 419039486]
419039577:,[3240361943 419039508]
419039578:,[419039584 1159648657]
419039580:,[419039466 419039537 419039380 419039673]
419039583:,[419039555 419039693 419039343 419039562]
419039584:,[1159648537 419039578]
419039585:,[419039377 419039500 419039543]
419039587:,[419039464]
419039590:,[419039749 419039482]
419039591:,[419039726 419040099]
419039592:,[1113668918 419039857 419039671]
419039593:,[419039852 419039598 419039654 419039845]
419039594:,[870974566 419039629]
419039595:,[1124884429 544782057 1113668964]
419039596:,[419039635 1124811919 419039798]
419039598:,[419039593 419039619 419039650]
419039600:,[3243152440 419039788 419039569 419039757]
419039601:,[419039801 419039688 1439253312]
419039602:,[419039680 419039853]
419039603:,[419039684 419039604]
419039604:,[419039603 419039846]
419039606:,[4120846116 419039706 4120772808]
419039607:,[419039803 419039865 419039657]
419039608:,[419039615 419039852]
419039609:,[419039618 419039859 419039556 419039733]
419039612:,[419039848 419039617]
419039614:,[419039836 419039615]
419039615:,[419039614 419039608]
419039617:,[419039677 419039825 419039612]
419039618:,[419039609 1124811919 1124811889 419039572]
419039619:,[419039845 1121247819 419039598 1121247684]
419039620:,[419039662 419039651 419039816]
419039621:,[4041525483 419039816]
419039622:,[419039648 419039766]
419039623:,[419039788 419039663]
419039626:,[3243152434 419039637 419039850]
419039627:,[419039644 419039668]
419039628:,[1115845873 419039654]
419039629:,[419039681 419039594 1115845873]
419039632:,[419039562 1733357069]
419039633:,[419039699 1113668877 1140836532]
419039634:,[419039681 870974572]
419039635:,[419039347 419039596]
419039636:,[1879824365 2393088703 419039826]
419039637:,[419039653 419039626]
419039639:,[419039661 419039648]
419039640:,[419039497 419039751]
419039642:,[419039826 419039521 419039740]
419039644:,[419039627 1864629479 1864629473]
419039647:,[419039659 419039829]
419039648:,[419039639 419039622]
419039650:,[419039598 419039678]
419039651:,[419039620 1121247819 846868733]
419039653:,[3243152440 419039637]
419039654:,[419039628 419039593]
419039656:,[419039536 419039662]
419039657:,[419039607 419039714]
419039659:,[419039729 419039647]
419039660:,[419039433 419039337 1213926743]
419039661:,[419039520 419039639]
419039662:,[419039656 419039620 1147292943]
419039663:,[419039623 419039569 1135561946]
419039666:,[419039538]
419039667:,[419039491 419039804 419039797 419039500]
419039668:,[419039627 419039570]
419039670:,[1186418592 419039778]
419039671:,[1140836464 1113668914 419039592]
419039673:,[419039843 419039580 419039823]
419039676:,[419039493 419039705]
419039677:,[419039617 419039718 419039513]
419039678:,[419039650 1115846718]
419039680:,[419039711 419039602]
419039681:,[1633474418 419039629 1115846718 419039634]
419039683:,[1411546881 1540706726]
419039684:,[419039698 419039603 419039838]
419039685:,[1184646856 4535206583]
419039686:,[544782060 419039552 1162242262]
419039688:,[419039601 1439253317]
419039693:,[419039583 419039850 419039381 419039818]
419039696:,[4041439724 419039379]
419039697:,[846868435 4041643095 419039710]
419039698:,[419039723 419039684]
419039699:,[419039471 419039633 1140837299]
419039702:,[1439253317 419039512]
419039704:,[419039469 1141979746]
419039705:,[419039557 419039676]
419039706:,[1157135654 419039606 419039474 419039885]
419039710:,[419039697 544782057]
419039711:,[419039494 419039680]
419039712:,[1243389582 1159649598 1159648324]
419039713:,[419039493 419039474 419039803]
419039714:,[419039657 1763889833]
419039718:,[419039516 419039677 1201113729]
419039719:,[872139725 1113668998]
419039720:,[419039737 419039505]
419039722:,[419039726 419039723]
419039723:,[419039722 419039912 419039698]
419039725:,[419039787 419039371 419039844]
419039726:,[419039513 419039722 419039591]
419039729:,[419039492 419039659]
419039733:,[419039609 1124811768]
419039737:,[419039752 419039720]
419039739:,[419039766 419039746 1243365985]
419039740:,[419039907 419039775 419039642]
419039741:,[1459443423 1459443424]
419039742:,[419039816 419039944]
419039746:,[419039739 419039861]
419039749:,[419039870 419039590 419039805 419040078]
419039751:,[419039640 419039874 419039779]
419039752:,[419039779 419039737]
419039756:,[419039771 419039982 419040396]
419039757:,[419039850 419040143 419039600 419040107]
419039758:,[419039759 419040004 419039987]
419039759:,[419039758 455923428 1123393482]
419039764:,[4120772811 419039961 4120846239 3659038506]
419039765:,[419039787 419039503 1211729463 419040035]
419039766:,[419039622 419039739]
419039771:,[419039825 419039756 419040312]
419039773:,[1243365895 1159649227 2239946199]
419039774:,[419039983 419039853]
419039775:,[419039740 1362379911]
419039778:,[3416708266 419039670 419040058]
419039779:,[419039751 419039752]
419039780:,[3659038519 419040035 1763889834]
419039781:,[419039828 419040100]
419039785:,[1124884097 1124884400]
419039786:,[419040136 419039792 1186019706 1186019699]
419039787:,[1184932286 419039765 1184831330 419039725]
419039788:,[419040143 419039623 419039911 419039600]
419039789:,[419040001 1163644071]
419039791:,[1123393472 1123393500]
419039792:,[419039786 544782062 419040056]
419039797:,[1135561946 419039967 419039911 419039667]
419039798:,[419039596 419039807]
419039799:,[419040029 419039848]
419039800:,[419039217 1184646872 1184646842]
419039801:,[419039820 419039601]
419039802:,[1124884439 1140836730]
419039803:,[419039607 419039713 3659038519]
419039804:,[419039843 419039967 419039667 419039937]
419039805:,[1297646276 1154559327 419039749 1184479777]
419039807:,[419039798 1182346388]
419039808:,[1123393482 870974566]
419039810:,[419039988 419039892 419039845]
419039811:,[419039464 4041525483]
419039812:,[1123393384 1124884741]
419039813:,[1362379911 419039844]
419039816:,[419039621 419039620 419039742]
419039817:,[419039829 419040005]
419039818:,[419039693 1864629495 419039963]
419039819:,[419039939 1243389582]
419039820:,[419039801 1864629541 1864629502]
419039823:,[419039673 419039979]
419039825:,[419039617 419039771]
419039826:,[419039996 419039642 419039636]
419039828:,[419039846 419039781]
419039829:,[419039647 419039817]
419039836:,[419039864 419039614]
419039837:,[4535196298 419039482 419039847]
419039838:,[419039993 419039684]
419039841:,[419039859 1879824358]
419039843:,[419039673 419039804 419040111 419039500]
419039844:,[419039521 419039813 419039725]
419039845:,[419039619 419039810 1121248511 419039593]
419039846:,[419039604 419039828]
419039847:,[419039837 419039853]
419039848:,[419039799 419039612]
419039850:,[419039693 419039757 419039626 419039963]
419039852:,[419039593 419040979 419039608]
419039853:,[419039602 419039847 419039774]
419039857:,[1113668993 1140836875 419039592]
419039859:,[1163644071 419039609 419039841]
419039860:,[1184646842 419039495]
419039861:,[419039746 419039508]
419039863:,[1121248511 419039930]
419039864:,[1459443424 419039836]
419039865:,[1763889833 419039607]
419039867:,[4041456162 419039947 4041441106 2239946179]
419039869:,[419040090 419039993]
419039870:,[419039749 419040067]
419039874:,[419039751 419040127 1121247914 419039890]
419039875:,[4357056297 1184932249]
419039876:,[419040134 419039907 419040092]
419039878:,[3513921750 3240367763]
419039880:,[419040322 419039931]
419039881:,[419039988 419040046 419040110]
419039882:,[3240361949 419039908 1113113985 419039895]
419039885:,[419040038 419039706 1171649616]
419039886:,[419040125 419039892 1453490439]
419039889:,[1186418594 419040135]
419039890:,[419039874 1121247975]
419039892:,[419039886 419040414 419039810]
419039894:,[419039915 419040098 1439249781]
419039895:,[419039882 1328566569 419040130 419039919]
419039896:,[1124811807 419040370]
419039897:,[419040026 4535196298 419040328]
419039899:,[419039943 419040113 419039930]
419039900:,[419040140 419039921]
419039901:,[419040307 1124811941]
419039904:,[419039917 1352511287]
419039907:,[419039876 419040133 419039740]
419039908:,[419039882 2239946220 419039919 1081839515]
419039909:,[1864629495 1207009333]
419039910:,[419040111 419039979]
419039911:,[419040311 419040010 419039788 419039797]
419039912:,[419039993 419040099 419039723 419040692]
419039915:,[419039948 419039894]
419039916:,[1439249781 419039950 1145509440]
419039917:,[1453490437 419040007 419039904]
419039919:,[1540706733 419039908 419039895]
419039920:,[544782062 1162242262 419040122]
419039921:,[419039900 3056322726]
419039923:,[419040086 419040007]
419039928:,[1184593346 1213926660 419040333]
419039930:,[419039944 419039899 419039863 1121248033]
419039931:,[419039880 419039969 419040128]
419039935:,[419039973 972001393]
419039936:,[419040122]
419039937:,[419039804 419040023 419040094]
419039939:,[419039947 419039819]
419039943:,[419039988 419039899 419040110]
419039944:,[419039742 419039930 1121247975 1121247684]
419039945:,[419039982 419040053]
419039947:,[419039939 419039867 2239946230]
419039948:,[419039954 419039915]
419039950:,[419039916 419039970]
419039952:,[419039960 1459442087 1459442982]
419039953:,[565575662 419039965]
419039954:,[419039964 419039948]
419039956:,[419039958 3056322726 419039987]
419039958:,[419039976 419039956]
419039960:,[2710918465 419039952 1459447234]
419039961:,[4120772848 419040207 419039764 419040095]
419039963:,[419039818 419040107 419039850 1864629585]
419039964:,[419039965 419039954]
419039965:,[419039953 419039964]
419039967:,[419040082 419039804 419040010 419039797]
419039969:,[419039931 419039997 4357056296]
419039970:,[419039950 419039990]
419039973:,[419040005 419039935]
419039976:,[419039984 419039958]
419039979:,[419039910 419039823]
419039982:,[419039756 419039945]
419039983:,[419040060 419039774]
419039984:,[419040004 419039976]
419039987:,[419039758 419039956 1123393472]
419039988:,[419039810 419039943 419039881]
419039990:,[419039970 1864629569]
419039993:,[419039912 419039869 419039838]
419039995:,[1879824365 1879824358 419040124]
419039996:,[419040124 419039826 419040091]
419039997:,[419040134 4357056295 419039969]
419040001:,[1182006934 419039789]
419040004:,[419039758 419039984]
419040005:,[419039817 419039973]
419040007:,[419039923 419039917]
419040010:,[419039967 419040166 419040367 419039911]
419040012:,[4172573986 419040042 419040073 419040368]
419040016:,[3513921754 419040130]
419040018:,[419040297 419040110]
419040020:,[419040127 419040361 419040331]
419040021:,[419040411 1147340652 419040091]
419040022:,[419040035 3349687276 3349687281]
419040023:,[419040488 419040111 419039937 419040174]
419040025:,[419040046 419040296]
419040026:,[419039897 419040263 419040076]
419040029:,[419040236 419039799 419040099 419040312]
419040035:,[419039780 419039765 3349687282 419040022]
419040037:,[1253580757 1864629592 1207009272 1207025016]
419040038:,[4120846116 419040171 419039885 419040348]
419040042:,[419040085 419040423 419040012]
419040043:,[419040136 1123393490 2767947698]
419040046:,[419039881 419040025 419040086]
419040047:,[419040052 419040106]
419040052:,[419040055 419040047]
419040053:,[419039945 419040366]
419040055:,[419040052 3367699152]
419040056:,[419040202 419039792 528146015]
419040058:,[419039778 419040377 419040122]
419040060:,[419040076 419039983]
419040065:,[419040326 528273317]
419040067:,[419039870 419040319]
419040069:,[419040349 1226375213]
419040073:,[419040113 419040012]
419040074:,[3328230302 1155331856 419040151]
419040076:,[419040026 419040060]
419040077:,[419040353 1297646277]
419040078:,[419039749 5010963926]
419040080:,[419040374 419040105]
419040082:,[419039967 419040094]
419040085:,[419040302 419040042]
419040086:,[419040046 419039923]
419040090:,[419040641 419039869]
419040091:,[419040021 419040133 419039996]
419040092:,[419039876 419040133 4356953638]
419040094:,[419040082 419040488 419040421 419039937]
419040095:,[419039961 419040306 419040666]
419040097:,[1121247786 1113113969]
419040098:,[419039894 528273326]
419040099:,[419039912 419040029 419039591 419040264]
419040100:,[419039781 419040161]
419040105:,[419040135 419040080 1162118054]
419040106:,[419040047 419040136]
419040107:,[419039757 1207009272 419039963 419040417]
419040110:,[419040018 419039943 419039881]
419040111:,[419040023 419039910 419039843]
419040113:,[419039899 419040073]
419040122:,[419040058 419039936 419039920]
419040124:,[419040357 419039996 419039995]
419040125:,[1226375213 419039886]
419040127:,[419040020 419039874 1121247786 419040141]
419040128:,[4357056296 4357056297 419039931]
419040130:,[419040016 419039895 3240367764]
419040133:,[419040092 419040091 419039907]
419040134:,[419039997 419039876 4356953637]
419040135:,[419039889 419040105]
419040136:,[419040043 419039786 419040106]
419040138:,[419040144 1121247914]
419040139:,[1081839515 419040144]
419040140:,[1124884160 419039900]
419040141:,[1121248033 419040127]
419040142:,[3513921751 3240367763 3240367764]
419040143:,[419039757 419040311 419040417 419039788]
419040144:,[419040139 419040138]
419040148:,[1439249781 1439249778 528273326 1077755078]
419040151:,[419040074 419040324]
419040152:,[419040497 419040483 419040248]
419040153:,[1459434508 2710918465 419040182]
419040155:,[419040643 419040328 419040191]
419040156:,[1184593296 419040719 419040684]
419040157:,[419040384 419040238 419040163]
419040158:,[419040194 419040357]
419040159:,[3328229986 419040612]
419040160:,[419040209 419040459 419040655]
419040161:,[419040100 419040262]
419040162:,[419040366 419040233]
419040163:,[3510167324 419040157 1216406751]
419040165:,[419040425 1144514497]
419040166:,[419040311 419040697 419040010 419040806]
419040167:,[419040185]
419040169:,[419040478 419040190 419040209]
419040171:,[419040038]
419040172:,[419040663 419040333 419040540]
419040174:,[419040269 419040338 419040023 419040569]
419040175:,[419040361 419040244 4172575395]
419040177:,[3510167324 972041729]
419040181:,[419040190 419040194 1147340652]
419040182:,[419040153]
419040183:,[3416708268 1438563138]
419040185:,[419040472 419040461 419040167]
419040187:,[1186418582 1186418601 419040756]
419040190:,[419040169 419040181 419040494]
419040191:,[1184527463 419040155 419040804]
419040194:,[419040181 419040251 419040158]
419040197:,[419040219]
419040198:,[419040466]
419040201:,[419040293 419040454]
419040202:,[419040056 1163633516]
419040205:,[419040649 419040353 419040623]
419040207:,[419039961 419040638 419040348 419040666]
419040209:,[419040160 419040703 419040169]
419040210:,[419040240 419040454]
419040212:,[1148922769 3349687291 419040753]
419040213:,[1163633555 1163633691]
419040214:,[419040597 1459442988]
419040215:,[972041728 3513933927 3510166654]
419040216:,[1130866145 419040481 419040274]
419040219:,[419040667 419040197]
419040223:,[419040250 419040417]
419040229:,[419040423 419040274 419040248]
419040230:,[419041118 1184646872]
419040231:,[419040314 419040661 419040241 419040249]
419040233:,[419040162 419040530]
419040236:,[419040647 419040029]
419040238:,[3513928341 419040157]
419040240:,[419040279 419040210]
419040241:,[419041556 3510166655 419040231]
419040242:,[419040693]
419040243:,[419040484 419040675]
419040244:,[419040175 419040800 1130866145]
419040246:,[419040664 419040257 871677592]
419040247:,[419040640 419040380]
419040248:,[419040229 419040152 419040650]
419040249:,[419040231 419040286]
419040250:,[1207009272 419040223]
419040251:,[419040292 419040194]
419040254:,[1184593346 4288634066]
419040257:,[419040637 419040246]
419040258:,[419040267 419040637]
419040259:,[419040647 419040642]
419040262:,[419040161 419040798]
419040263:,[419040492 419040026]
419040264:,[419040099 419040654]
419040266:,[419040306]
