Id, Latitude, Longitude, X, Y
96693997,44.437729,48.4373772,4946785.36428949,6147942.00763009
96693998,44.4582593,48.4321917,4949070.78683132,6147074.54120628
96695689,44.4948034,48.4245906,4953138.85743482,6145803.13737461
96695690,44.4978118,48.4247914,4953473.75099092,6145836.7218811
96695691,44.4988644,48.4252896,4953590.92588693,6145920.04816032
96695693,44.5028495,48.4283647,4954034.54518969,6146434.3912005
96695694,44.5050073,48.4306586,4954274.75038692,6146818.09065585
96695696,44.5196689,48.4553977,4955906.87223314,6150957.2947029
286997395,44.2933343,48.6840602,4930711.41981224,6189312.21318172
347422959,44.4390698,48.6546501,4946934.62146274,6184369.29092372
347711631,44.4383241,48.6591528,4946851.61051846,6185125.86652944
416334375,44.5190748,48.7056047,4955840.73732366,6192935.01566333
419037860,44.5772931,48.4368877,4962321.56883451,6147860.11686647
419037880,44.5848893,48.4397541,4963167.17395047,6148339.661726
419037898,44.602274,48.4462724,4965102.42990207,6149430.26587426
419037947,44.6636984,48.4612174,4971940.16283235,6151931.30820672
419037952,44.6547377,48.4558727,4970942.6622712,6151036.78882058
419037957,44.6549665,48.4555863,4970968.13217069,6150988.85796197
419037958,44.6554329,48.4558556,4971020.0515812,6151033.92701936
419037959,44.6545918,48.4558328,4970926.42075749,6151030.11128591
419037960,44.67045,48.46554,4972691.74750639,6152654.83242503
419037964,44.66987,48.46524,4972627.18220173,6152604.61590769
419037971,44.6443814,48.4630347,4969789.80422869,6152235.48345311
419037972,44.6442171,48.4629347,4969771.51443636,6152218.74541193
419037974,44.6466934,48.4613659,4970047.17489141,6151956.16336392
419037975,44.6374943,48.467512,4969023.13576365,6152984.92976469
419037976,44.6375411,48.4675873,4969028.34551582,6152997.53465009
419037983,44.67354,48.46591,4973035.72473294,6152716.76654097
419037985,44.67176,48.46586,4972837.57603933,6152708.3970393
419037986,44.67243,48.46591,4972912.16009816,6152716.76654097
419037987,44.6711,48.46574,4972764.1051754,6152688.31026913
419037994,44.6222401,48.4779479,4967325.04598719,6154732.03246029
419038002,44.6222718,48.4780093,4967328.57481505,6154742.31267269
419038033,44.5674046,48.4852453,4961220.7860498,6155953.92504245
419038034,44.6059457,48.4852507,4965511.16167641,6155954.82929571
419038039,44.55061,48.48691,4959351.21972972,6156232.69081594
419038041,44.5508127,48.4872055,4959373.7841905,6156282.17534013
419038042,44.60347,48.4871201,4965235.56801305,6156267.87419911
419038044,44.6029751,48.4874912,4965180.47599706,6156330.01902898
419038051,44.5914395,48.4818344,4963896.33887907,6155382.7744929
419038052,44.60142,48.48226,4965007.36305693,6155454.03852239
419038055,44.6148904,48.4830132,4966506.88112571,6155580.15857506
419038058,44.5941524,48.4836948,4964198.33752564,6155694.29114402
419038062,44.5517035,48.4902812,4959472.9475929,6156797.25026375
419038063,44.6042168,48.4902047,4965318.70140878,6156784.43873995
419038065,44.5991794,48.4900525,4964757.94060586,6156758.94972686
419038066,44.6038,48.48992,4965272.30344502,6156736.75994568
419038067,44.55162,48.48977,4959463.65241542,6156711.63950907
419038068,44.5851517,48.4897756,4963196.38418486,6156712.57733736
419038070,44.5834629,48.4909161,4963008.3878288,6156903.57828807
419038076,44.6042794,48.4902781,4965325.6700089,6156796.73110359
419038078,44.5832711,48.4885605,4962987.03675047,6156509.08778635
419038079,44.6065501,48.4886305,4965578.44317665,6156520.81036622
419038080,44.5511978,48.4878808,4959416.65332641,6156395.26238218
419038081,44.6015148,48.4884919,4965017.91614465,6156497.59967387
419038086,44.60314,48.48949,4965198.83258109,6156664.74822737
419038092,44.6065694,48.488717,4965580.59164282,6156535.29614811
419038093,44.5988018,48.4938998,4964715.90636613,6157403.28267219
419038099,44.57743,48.4935116,4962336.8084728,6157338.26600287
419038104,44.5745217,48.4948279,4962013.05799772,6157558.72512122
419038115,44.5838933,48.4909692,4963056.29973764,6156912.47111627
419038116,44.5744074,48.4909686,4962000.33417993,6156912.37063228
419038119,44.5967589,48.4929653,4964488.49177839,6157246.77121359
419038122,44.5957991,48.4923132,4964381.64733113,6157137.55824848
419038124,44.5972782,48.4929814,4964546.29998996,6157249.46764112
419038132,44.5936301,48.4972969,4964140.1953556,6157972.25851266
419038150,44.5734748,48.4952942,4961896.51762281,6157636.82426636
419038164,44.5783294,48.4985484,4962436.92922282,6158181.88027943
419038165,44.5528512,48.4978681,4959600.70897249,6158067.93182072
419038184,44.5529815,48.4972577,4959615.21390214,6157965.69273716
419038186,44.5937851,48.497423,4964157.44987667,6157993.37957511
419038216,44.5652438,48.4998335,4960980.24689409,6158397.13534301
419038221,44.5645688,48.4997842,4960905.10623781,6158388.87746055
419038229,44.5660007,48.4997105,4961064.50461667,6158376.5325276
419038231,44.5646663,48.49957,4960915.95988816,6158352.99847883
419038236,44.6421762,48.5006367,4969544.3224876,6158531.67463908
419038244,44.5648488,48.49929,4960936.27569523,6158306.0980791
419038273,44.5650639,48.4990712,4960960.2205177,6158269.44894811
419038274,44.5651524,48.4989925,4960970.07229263,6158256.2666899
419038276,44.5653811,48.4988819,4960995.53106018,6158237.74121316
419038280,44.6010158,48.50268,4964962.36771875,6158873.94544098
419038282,44.5286472,48.5031425,4956906.33201733,6158951.42020333
419038285,44.5819326,48.5021558,4962838.03561204,6158786.13598628
419038302,44.5669915,48.5003738,4961174.79996815,6158487.63757415
419038305,44.5511434,48.5003817,4959410.59754611,6158488.96086032
419038307,44.57994,48.50026,4962616.22039469,6158468.57557621
419038311,44.5442826,48.5048515,4958646.85678368,6159237.70608863
419038315,44.564741,48.5047198,4960924.27545412,6159215.64380587
419038316,44.5479511,48.5047756,4959055.23233565,6159224.99137193
419038319,44.5229734,48.5050636,4956274.72749046,6159273.23703881
419038320,44.5374302,48.5045303,4957884.05110496,6159183.89901272
419038321,44.54679,48.505,4958925.97927489,6159262.58276365
419038322,44.5770738,48.5054829,4962297.15647018,6159343.47853225
419038323,44.6168534,48.5048924,4966725.40128614,6159244.55763692
419038325,44.5578513,48.5024463,4960157.3175584,6158834.7979234
419038326,44.5339276,48.5048945,4957494.14345651,6159244.90942806
419038328,44.5800811,48.5050101,4962631.92757484,6159264.27471525
419038329,44.6164918,48.5051424,4966685.14815827,6159286.43763738
419038331,44.5430265,48.5050941,4958507.02837129,6159278.3464051
419038333,44.54791,48.50506,4959050.65710458,6159272.63396627
419038337,44.5330267,48.5051963,4957393.85572726,6159295.46699271
419038338,44.52939,48.5053,4956989.02013509,6159312.83889646
419038339,44.5728381,48.5049504,4961825.64050302,6159254.27377852
419038340,44.5567784,48.5050861,4960037.88287673,6159277.00624315
419038341,44.5421727,48.5052767,4958411.98379005,6159308.93565943
419038345,44.5837408,48.5040547,4963039.32351529,6159104.2276461
419038346,44.5475606,48.5041779,4959011.7620745,6159124.86574123
419038347,44.5488009,48.5037186,4959149.83163893,6159047.92543702
419038349,44.5485148,48.5039208,4959117.98313261,6159081.79717623
419038350,44.5483169,48.5040035,4959095.95300538,6159095.65079024
419038351,44.5465171,48.5043758,4958895.60018585,6159158.01746233
419038352,44.5323875,48.5044586,4957322.70030874,6159171.88795325
419038353,44.5477556,48.5043425,4959033.4693752,6159152.43911915
419038356,44.5838875,48.5041566,4963055.65408459,6159121.2976254
419038357,44.5369431,48.503884,4957829.827381,6159075.63257658
419038358,44.52202,48.5042447,4956168.59548794,6159136.05589832
419038359,44.5478799,48.50455,4959047.30638791,6159187.1991255
419038361,44.5734979,48.5046052,4961899.08910305,6159196.44614888
419038362,44.5648713,48.504519,4960938.78038377,6159182.00605521
419038364,44.5791408,48.5044063,4962527.25385765,6159163.12675887
419038367,44.5781186,48.5046145,4962413.46307416,6159198.0040723
419038368,44.533842,48.5046138,4957484.6145081,6159197.88680924
419038369,44.5226988,48.5046877,4956244.15915829,6159210.26644728
419038370,44.5289,48.5047,4956934.4735846,6159212.32693007
419038371,44.5223279,48.504592,4956202.87075916,6159194.23490324
419038372,44.5768519,48.5045396,4962272.45467517,6159185.45693382
419038373,44.5225271,48.5045897,4956225.04560172,6159193.84961049
419038377,44.5453978,48.5060239,4958771.00027981,6159434.10817713
419038380,44.5387929,48.50602,4958035.74617507,6159433.45483609
419038381,44.5506771,48.5059082,4959358.68926755,6159414.72574798
419038386,44.5754932,48.5058815,4962121.20488303,6159410.25288604
419038387,44.545283,48.5060551,4958758.22080227,6159439.33490721
419038389,44.55085,48.50603,4959377.93640751,6159435.13006962
419038391,44.5451946,48.506083,4958748.38015928,6159444.00881282
419038394,44.5334877,48.5058362,4957445.17401251,6159402.66410322
419038395,44.5479853,48.5058551,4959059.03946224,6159405.8302833
419038398,44.5764077,48.5058653,4962223.00655736,6159407.5390159
419038403,44.5050714,48.5061196,4954281.88596628,6159450.14017679
419038409,44.5432918,48.5054188,4958536.5614322,6159332.74040776
419038411,44.523105,48.5054861,4956289.37713545,6159344.01460123
419038412,44.5620148,48.5055342,4960620.79625832,6159352.07239212
419038416,44.5470449,48.5056051,4958954.35461309,6159363.94969043
419038418,44.5402997,48.5056539,4958203.4823838,6159372.12476584
419038419,44.5232397,48.5056751,4956304.37187086,6159375.67623549
419038423,44.5726584,48.5056471,4961805.63639053,6159370.98561551
419038426,44.5188895,48.5056739,4955820.10982201,6159375.47520887
419038428,44.5507132,48.5055255,4959362.70790117,6159350.61495328
419038429,44.5516477,48.5055785,4959466.73596532,6159359.49360758
419038431,44.5502539,48.505557,4959311.57885905,6159355.8918882
419038432,44.5343242,48.5055709,4957538.29276656,6159358.22044149
419038436,44.5449742,48.5058075,4958723.84534351,6159397.8562024
419038437,44.53934,48.5058667,4958096.64906848,6159407.77354786
419038440,44.5488357,48.5057399,4959153.70555721,6159386.53168029
419038441,44.5437607,48.5058574,4958588.75914143,6159406.21558572
419038442,44.5811883,48.5057941,4962755.18051505,6159395.61139947
419038444,44.5444302,48.5065537,4958663.28754052,6159522.86251372
419038445,44.5174022,48.5056421,4955654.54434336,6159370.14800508
419038448,44.5349917,48.5064551,4957612.59852667,6159506.34455405
419038451,44.5185184,48.5065376,4955778.79915898,6159520.16535988
419038455,44.5339639,48.5065179,4957498.18435403,6159516.86511692
419038457,44.5518319,48.5064494,4959487.24101552,6159505.38966284
419038458,44.53821,48.5065,4957970.85804388,6159513.86642011
419038459,44.5152037,48.5061298,4955409.80844285,6159451.84891836
419038465,44.5519758,48.5064904,4959503.25989025,6159512.25818092
419038471,44.5067208,48.5064905,4954465.4963344,6159512.27493341
419038474,44.5182254,48.5058991,4955746.18254818,6159413.20128915
419038479,44.5442138,48.5063178,4958639.19800271,6159483.3434328
419038480,44.5380721,48.5063021,4957955.5070861,6159480.71330131
419038482,44.5563688,48.5059676,4959992.2864133,6159424.67661789
419038483,44.5805791,48.5062087,4962687.36468125,6159465.06654868
419038484,44.5472376,48.5060271,4958975.80587897,6159434.64425186
419038488,44.54505,48.50627,4958732.28336091,6159475.33577384
419038491,44.5193214,48.5062865,4955868.18871009,6159478.09992304
419038492,44.5759504,48.5061864,4962172.10015422,6159461.33076513
419038493,44.542563,48.5061963,4958455.43178731,6159462.98925179
419038495,44.5300375,48.5061998,4957061.09950538,6159463.57558554
419038498,44.5144369,48.5064181,4955324.44865731,6159500.14613938
419038500,44.5146327,48.5062605,4955346.2450136,6159473.74429441
419038501,44.5748231,48.5062462,4962046.60969225,6159471.34869962
419038503,44.5783372,48.5062483,4962437.79751484,6159471.70050021
419038505,44.50564,48.5062728,4954345.18222875,6159475.80484152
419038507,44.54482,48.50642,4958706.67987803,6159500.46443624
419038509,44.5237315,48.5063383,4956359.11879643,6159486.77768218
419038510,44.5514662,48.5062579,4959446.53147774,6159473.30873167
419038511,44.5474881,48.5059216,4959003.69141141,6159416.97055599
419038513,44.5540638,48.5061366,4959735.69498702,6159452.9880796
419038517,44.5163975,48.506364,4955542.70165096,6159491.0830602
419038518,44.5613248,48.5070142,4960543.98580967,6159600.00817942
419038519,44.5577341,48.5070441,4960144.27091408,6159605.01722747
419038520,44.5080384,48.5072407,4954612.17089547,6159637.95304894
419038521,44.6075719,48.506918,4965692.18943234,6159583.89213192
419038523,44.5120573,48.5067841,4955059.55279702,6159561.46038731
419038524,44.5099739,48.5070906,4954827.6297699,6159612.8072245
419038529,44.507563,48.5068938,4954559.24960954,6159579.83799592
419038530,44.5148216,48.5068631,4955367.27326541,6159574.69494189
419038533,44.5122182,48.5071028,4955077.46410308,6159614.85105287
419038536,44.54095,48.50719,4958275.87344866,6159629.45941432
419038537,44.5189601,48.5071074,4955827.96897806,6159615.62167682
419038538,44.5170701,48.5077281,4955617.57514046,6159719.6062959
419038540,44.5242316,48.5070368,4956414.78967378,6159603.79428236
419038541,44.5158782,48.506656,4955484.89343939,6159540.00034987
419038548,44.5745919,48.5064279,4962020.87262598,6159501.7878812
419038551,44.574719,48.5069978,4962035.02133326,6159597.26074295
419038563,44.579987,48.5066326,4962621.45241076,6159536.08025524
419038565,44.5475085,48.5067344,4959005.96232903,6159553.13435537
419038566,44.5070893,48.5066107,4954506.51756675,6159532.41145039
419038567,44.5744635,48.5068126,4962006.57920336,6159566.23487613
419038569,44.5341159,48.5067457,4957515.10491663,6159555.02739612
419038572,44.5365049,48.5069195,4957781.04718013,6159584.14342141
419038573,44.5427945,48.5068752,4958481.20224943,6159576.72200842
419038575,44.6199583,48.5068498,4967071.0371731,6159572.46684454
419038579,44.5776415,48.5066687,4962360.3525451,6159542.12792335
419038580,44.5128741,48.5067325,4955150.47855709,6159552.81605653
419038583,44.5197188,48.506868,4955912.42707573,6159575.51582001
419038585,44.5567972,48.5068083,4960039.97568316,6159565.51451448
419038592,44.5194702,48.5077504,4955884.75305032,6159723.34219376
419038596,44.5252864,48.5077585,4956532.20947267,6159724.69917949
419038598,44.51519,48.50773,4955408.28336582,6159719.92460103
419038602,44.5083855,48.5074382,4954650.80989072,6159671.03977417
419038605,44.5735277,48.5077482,4961902.40642387,6159722.97362977
419038607,44.5467124,48.5078268,4958917.3408824,6159736.14142588
419038608,44.5782942,48.5077799,4962433.01077674,6159728.28430334
419038610,44.5608348,48.5077642,4960489.43925919,6159725.65409551
419038611,44.551084,48.5078147,4959403.98516836,6159734.11432107
419038613,44.54312,48.50756,4958517.43674368,6159691.44471545
419038614,44.5555084,48.5073716,4959896.50712342,6159659.88241334
419038618,44.51533,48.5076,4955423.86809453,6159698.14585635
419038624,44.5387191,48.5076036,4958027.53079665,6159698.74895929
419038626,44.5312001,48.5077456,4957190.51954537,6159722.53805417
419038629,44.56454,48.5076,4960901.90023647,6159698.14585635
419038630,44.5478772,48.5075985,4959047.00582528,6159697.89456347
419038633,44.5787042,48.5074874,4962478.65176796,6159679.2821583
419038634,44.5202341,48.5074902,4955969.79000933,6159679.75123732
419038637,44.5490367,48.5073723,4959176.08077486,6159659.99968282
419038640,44.5484652,48.5074808,4959112.46168587,6159678.17647216
419038641,44.5350197,48.5074497,4957615.71547241,6159672.96634697
419038646,44.5193095,48.5075571,4955866.86400815,6159690.95888294
419038648,44.5122308,48.5075587,4955078.86672867,6159691.22692846
419038651,44.5347123,48.5075346,4957581.49586094,6159687.18949374
419038654,44.5610448,48.5074842,4960512.81635225,6159678.74606803
419038655,44.51559,48.50749,4955452.81116214,6159679.71773167
419038657,44.5208607,48.5072992,4956039.54280226,6159647.75340719
419038660,44.558085,48.5074154,4960183.3329234,6159667.22013547
419038664,44.5579771,48.5071856,4960171.32155035,6159628.72229456
419038667,44.5148732,48.507008,4955373.01735114,6159598.96951431
419038669,44.53995,48.50738,4958164.55395786,6159661.28964723
419038670,44.5352149,48.5073846,4957637.44503701,6159662.06027541
419038679,44.5156334,48.5082287,4955457.64242804,6159803.4717375
419038680,44.511805,48.5080786,4955031.46688949,6159778.32541993
419038681,44.5061817,48.5080361,4954405.48399691,6159771.20539026
419038684,44.5332775,48.5081759,4957421.77465555,6159794.62612224
419038688,44.56357,48.50824,4960793.9203304,6159805.36483439
419038690,44.5571494,48.5079522,4960079.18240782,6159757.14963167
419038691,44.5134934,48.5081998,4955219.41871774,6159798.63010224
419038692,44.5154335,48.5083631,4955435.38966183,6159825.98789089
419038693,44.5149526,48.5082554,4955381.85611871,6159807.94480783
419038698,44.5390217,48.5083617,4958061.21607456,6159825.75334731
419038704,44.5525276,48.5081412,4959564.68598527,6159788.81281575
419038709,44.5511734,48.5080257,4959413.93713083,6159769.46307803
419038711,44.5066687,48.507831,4954459.69658893,6159736.84504915
419038712,44.5569925,48.5077725,4960061.71637971,6159727.04458745
419038716,44.5159503,48.5080896,4955492.91957467,6159780.16825212
419038718,44.5452976,48.5081068,4958759.84606683,6159783.04977235
419038719,44.5512936,48.508169,4959427.31773363,6159793.47016184
419038721,44.5119868,48.5081137,4955051.70477291,6159784.20573132
419038722,44.5605062,48.5081437,4960452.85967451,6159789.23164173
419038731,44.5567708,48.5076368,4960037.0368486,6159704.31091068
419038735,44.5517505,48.5078918,4959478.17960897,6159747.03084022
419038736,44.5245547,48.507983,4956450.75700126,6159762.30954986
419038739,44.5213983,48.5079797,4956099.38816052,6159761.75670133
419038744,44.533219,48.5080456,4957415.26246534,6159772.79692578
419038746,44.5369958,48.5079466,4957835.69391816,6159756.21146506
419038747,44.5402862,48.5081067,4958201.97957067,6159783.03301932
419038756,44.5784242,48.5078699,4962447.48231054,6159743.36194366
419038758,44.5248805,48.5078728,4956487.02489136,6159743.84777919
419038761,44.612417,48.5079065,4966231.54349718,6159749.4935251
419038765,44.551057,48.5078823,4959400.97954211,6159745.43930955
419038766,44.5517057,48.5079294,4959473.19249578,6159753.329954
419038769,44.5087127,48.5076785,4954687.23362811,6159711.29686084
419038771,44.5077092,48.5075776,4954575.5245191,6159694.39321679
419038773,44.5717595,48.5090003,4961705.57130025,6159932.7393999
419038781,44.61078,48.50897,4966049.31349075,6159927.66314409
419038784,44.508062,48.5086638,4954614.79803545,6159876.36465102
419038785,44.5594227,48.5091188,4960332.24500624,6159952.59211286
419038786,44.5047827,48.5087114,4954249.74802929,6159884.33918401
419038787,44.553721,48.5089582,4959697.53466558,6159925.68625321
419038790,44.5137774,48.5087896,4955251.03345313,6159897.44021886
419038792,44.5497787,48.5088925,4959258.67983702,6159914.67933534
419038793,44.53209,48.50891,4957289.58276023,6159917.61116138
419038794,44.553281,48.5087283,4959648.55408963,6159887.1704801
419038797,44.5568472,48.5088123,4960045.5416577,6159901.24320849
419038800,44.5220109,48.5088151,4956167.58248057,6159901.71229984
419038804,44.5530888,48.5085972,4959627.1584835,6159865.20701876
419038812,44.5373019,48.5086614,4957869.7688143,6159875.96257392
419038814,44.5528555,48.5084326,4959601.1876463,6159837.63131222
419038817,44.5636748,48.5086485,4960805.58661304,6159873.80140987
419038819,44.5335603,48.5085717,4957453.25580754,6159860.93495626
419038821,44.5287029,48.508597,4956912.53251296,6159865.17351238
419038822,44.5569185,48.5087615,4960053.47873739,6159892.73255566
419038827,44.5429251,48.5085604,4958495.74057492,6159859.0418469
419038831,44.5078879,48.508414,4954595.4173121,6159834.51522954
419038832,44.51538,48.50854,4955429.43406907,6159855.62419923
419038839,44.5163225,48.5085266,4955534.35268915,6159853.37927454
419038840,44.56344,48.5085,4960779.4487966,6159848.92293329
419038842,44.5526443,48.5082949,4959577.67696984,6159814.56227578
419038846,44.5074869,48.5082528,4954550.77819629,6159807.50922785
419038848,44.5073143,48.5082954,4954531.56445218,6159814.64604123
419038849,44.6415569,48.508083,4969475.38232695,6159779.06255276
419038852,44.563333,48.5084322,4960767.53761108,6159837.56429968
419038853,44.549583,48.5084039,4959236.89461268,6159832.82316362
419038856,44.5107045,48.5081883,4954908.95978987,6159796.70350075
419038858,44.5080695,48.5082165,4954615.63293163,6159801.42786345
419038861,44.5761375,48.5094335,4962192.92803095,6160005.31511396
419038866,44.520622,48.5092975,4956012.97083981,6159982.53042738
419038867,44.5810705,48.5095184,4962742.06707903,6160019.53882081
419038870,44.5478148,48.5093075,4959040.05948906,6159984.20576989
419038873,44.5567919,48.5094424,4960039.38568986,6160006.8061728
419038877,44.56344,48.50944,4960779.4487966,6160006.40408949
419038880,44.5112744,48.5093809,4954972.40076767,6159996.50279406
419038882,44.6353797,48.5092039,4968787.73956842,6159966.84923764
419038885,44.576009,48.5093557,4962178.62347638,6159992.28092543
419038888,44.5301713,48.5093159,4957075.99405324,6159985.61305785
419038890,44.6359395,48.5091883,4968850.05621937,6159964.23570885
419038891,44.5528617,48.5093618,4959601.87782714,6159993.3028855
419038894,44.5256168,48.5094117,4956568.98943243,6160001.66285859
419038896,44.5543213,48.5092129,4959764.3597559,6159968.35704308
419038900,44.5304999,48.5092471,4957112.57363792,6159974.08670621
419038902,44.53,48.5093356,4957056.92502447,6159988.91348411
419038979,44.5520491,48.5089904,4959511.41960892,6159931.08082093
419038984,44.5156604,48.5092301,4955460.64805429,6159971.23862756
419038986,44.6356893,48.5091487,4968822.20408277,6159957.60137018
419038990,44.5402169,48.5090776,4958194.26512996,6159945.68972972
419038991,44.5051268,48.509084,4954288.05306607,6159946.76194421
419038996,44.52555,48.5093,4956561.55329044,6159982.94926298
419039001,44.6034871,48.5096157,4965237.47157635,6160035.839989
419039005,44.529543,48.5092084,4957006.05201718,6159967.60314033
419039011,44.556826,48.5091581,4960043.18168449,6159959.17618747
419039016,44.5337029,48.5091215,4957469.12996693,6159953.0444537
419039018,44.5715506,48.5091373,4961682.31665863,6159955.69148577
419039026,44.56303,48.50917,4960733.80780537,6159961.16983958
419039027,44.5592016,48.5093806,4960307.63226682,6159996.45253371
419039028,44.5626531,48.5097005,4960691.85148929,6160050.04699374
419039034,44.5109844,48.5087885,4954940.11811534,6159897.25593306
419039035,44.5568275,48.508943,4960043.34866373,6159923.13975039
419039040,44.52619,48.50908,4956632.79776455,6159946.09181015
419039042,44.5375668,48.5100307,4957899.25734741,6160105.36742166
419039043,44.5442465,48.5099994,4958642.83815006,6160100.12352544
419039053,44.5255055,48.5100632,4956556.5995731,6160110.81236527
419039058,44.5568317,48.5098763,4960043.81620559,6160079.49979908
419039059,44.62445,48.50996,4967571.0509299,6160093.52258723
419039060,44.5563542,48.5097232,4959990.66114874,6160053.85005213
419039065,44.5161553,48.5098545,4955515.74007029,6160075.84751161
419039067,44.5058296,48.5098504,4954366.2884042,6160075.16061368
419039073,44.5266434,48.5101274,4956683.27002168,6160121.56823342
419039075,44.503742,48.5100546,4954133.89783522,6160109.37154908
419039077,44.5527903,48.5101255,4959593.9296155,6160121.24991314
419039078,44.5497313,48.5100435,4959253.40329316,6160107.51189134
419039080,44.5090289,48.5099268,4954722.4328511,6160087.96037935
419039084,44.62509,48.51002,4967642.295404,6160103.57477945
419039088,44.6395986,48.5098332,4969257.38536813,6160072.27899372
419039089,44.6369823,48.5098639,4968966.14018437,6160077.42235097
419039093,44.5187615,48.5101987,4955805.86092719,6160133.51362955
419039098,44.5185358,48.5102073,4955780.73611812,6160134.95444986
419039101,44.56256,48.51015,4960681.4876447,6160125.35457034
419039103,44.5262256,48.5101868,4956636.76073842,6160131.51993673
419039104,44.5435792,48.5101458,4958568.55465385,6160124.65091468
419039107,44.5259289,48.5101629,4956603.7322455,6160127.51579881
419039110,44.5322647,48.5102232,4957309.03027527,6160137.61829271
419039111,44.5173223,48.5099601,4955645.64991604,6160093.53934088
419039113,44.62445,48.51026,4967571.0509299,6160143.78366806
419039114,44.5654673,48.5101685,4961005.12680028,6160128.45400669
419039117,44.5528223,48.510207,4959597.4918392,6160134.90418869
419039122,44.511696,48.510166,4955019.33306499,6160128.03516387
419039125,44.5183185,48.5100248,4955756.54639277,6160104.37895535
419039130,44.508601,48.5093552,4954674.79924099,6159992.19715822
419039137,44.5141864,48.5095795,4955296.56312486,6160029.77521361
419039138,44.5399387,48.5096702,4958163.29604762,6160044.97066737
419039140,44.5590874,48.5095222,4960294.91958097,6160020.17545372
419039141,44.5649211,48.5094241,4960944.32409441,6160003.74028806
419039142,44.5053785,48.5093448,4954316.07218191,6159990.45480037
419039143,44.5496106,48.5097027,4959239.96703062,6160050.41557201
419039145,44.559734,48.5096771,4960366.89876372,6160046.12666222
419039147,44.5527258,48.5094722,4959586.74950834,6160011.79870881
419039154,44.5207921,48.509533,4956031.9062852,6160021.98483171
419039159,44.5525203,48.5094297,4959563.87335298,6160004.67848218
419039161,44.5246638,48.5097091,4956462.9019577,6160051.4877998
419039162,44.5567292,48.5096022,4960032.40595778,6160033.57826286
419039167,44.51594,48.50979,4955491.77298392,6160065.04144095
419039170,44.524785,48.5098329,4956476.39387999,6160072.22873292
419039171,44.5170832,48.5096186,4955619.03342579,6160036.32584136
419039174,44.5647242,48.5096883,4960922.40528668,6160048.00305998
419039177,44.6242775,48.509725,4967551.84831773,6160054.15161631
419039180,44.5647145,48.5095873,4960921.32548762,6160031.08198805
419039181,44.5527239,48.5097264,4959586.53800131,6160054.38616623
419039183,44.5242328,48.5098402,4956414.92325717,6160073.45174592
419039190,44.5527751,48.5099414,4959592.23755924,6160090.40641007
419039195,44.5588643,48.5098501,4960270.08420258,6160075.11035286
419039199,44.5496346,48.5098428,4959242.6386984,6160073.88733963
419039204,44.5438566,48.5107893,4958599.4346806,6160232.46169827
419039206,44.62406,48.51079,4967527.63632849,6160232.57897571
419039207,44.5195949,48.5105458,4955898.63459082,6160191.66600281
419039208,44.5018319,48.510677,4953921.26647586,6160213.64706761
419039209,44.5405608,48.5107341,4958232.54790284,6160223.21353976
419039210,44.5216706,48.5107535,4956129.70045786,6160226.46379721
419039211,44.5121,48.51084,4955064.30613927,6160240.95593975
419039215,44.55964,48.5107689,4960356.43473158,6160229.04389938
419039216,44.53538,48.51082,4957655.82388494,6160237.60515314
419039217,44.61365,48.51082,4966368.80042933,6160237.60515314
419039218,44.5741382,48.5107891,4961970.366973,6160232.42819043
419039219,44.5643627,48.5110638,4960882.16329075,6160278.45133269
419039220,44.602826,48.5107268,4965163.87826098,6160221.99050506
419039221,44.5021116,48.5109404,4953952.40253743,6160257.77690865
419039222,44.5066816,48.510748,4954461.13261036,6160225.54233234
419039223,44.6204169,48.5106677,4967122.08829158,6160212.08895671
419039226,44.5462505,48.510869,4958865.92240961,6160245.8145827
419039229,44.53467,48.51095,4957576.78704648,6160259.38528991
419039230,44.5500077,48.5106201,4959284.17200042,6160204.11411403
419039232,44.53306,48.5109,4957397.5626663,6160251.00830757
419039234,44.559376,48.5109055,4960327.04638601,6160251.92977522
419039238,44.5595837,48.5109591,4960350.16744425,6160260.90990159
419039241,44.5177547,48.5108479,4955693.78446386,6160242.27950083
419039242,44.638414,48.5107622,4969125.51629933,6160227.9213873
419039243,44.6013882,48.5110313,4965003.82309712,6160273.00628093
419039244,44.5786101,48.5110677,4962468.17660388,6160279.10473914
419039246,44.583345,48.5109579,4962995.26326084,6160260.70885388
419039247,44.5600401,48.5110866,4960400.97365985,6160282.27124803
419039249,44.5689214,48.5110174,4961389.63545343,6160270.67747525
419039252,44.6206129,48.5110711,4967143.90691177,6160279.67437557
419039254,44.5447892,48.5111548,4958703.25123771,6160293.69749632
419039257,44.5526902,48.5109764,4959582.78653447,6160263.80833993
419039258,44.5535497,48.5110976,4959678.46563681,6160284.11419026
419039260,44.5294258,48.5113267,4956993.00537286,6160322.4977421
419039262,44.5085172,48.5109966,4954665.47066766,6160267.19264492
419039266,44.5640465,48.5112737,4960846.96406777,6160313.61807469
419039270,44.5609678,48.5100229,4960504.24475146,6160104.06063571
419039274,44.53149,48.51034,4957222.79106575,6160157.18667351
419039275,44.5654785,48.510262,4961006.37357858,6160144.11874294
419039279,44.5615338,48.5101895,4960567.25158325,6160131.97228717
419039280,44.53771,48.51037,4957915.19829849,6160162.21280603
419039283,44.562095,48.5103022,4960629.72408148,6160150.85375078
419039287,44.5654112,48.5103361,4960998.88177685,6160156.5332765
419039290,44.5623249,48.5103543,4960655.31643242,6160159.58246297
419039291,44.5376156,48.5103882,4957904.68973856,6160165.26199456
419039292,44.5478,48.51045,4959038.41196059,6160175.61584074
419039296,44.517837,48.510187,4955702.94605795,6160131.55344418
419039300,44.5258979,48.5105224,4956600.28134129,6160187.7456055
419039302,44.5012656,48.5101897,4953858.22624822,6160132.0057946
419039305,44.5095542,48.510535,4954780.90897961,6160189.85658844
419039306,44.51774,48.51054,4955692.14806735,6160190.69428023
419039308,44.5015487,48.5104341,4953889.74079606,6160172.9519859
419039310,44.5742396,48.5105802,4961981.65476937,6160197.42932524
419039313,44.5594704,48.5106474,4960337.55494595,6160208.68791994
419039314,44.5165478,48.5105946,4955559.43297042,6160199.84187998
419039315,44.5063089,48.5103341,4954419.64383614,6160156.19820113
419039316,44.5743686,48.5106597,4961996.01498368,6160210.74864649
419039317,44.5075796,48.510431,4954561.09751309,6160172.43261807
419039318,44.5593493,48.5106687,4960324.07415561,6160212.2564955
419039320,44.5041401,48.510676,4954178.21412451,6160213.47952879
419039322,44.5409233,48.510664,4958272.90121825,6160211.46906321
419039323,44.5740262,48.5107258,4961957.89919003,6160221.82296608
419039325,44.5593072,48.5106911,4960319.38760505,6160216.00936533
419039326,44.53398,48.51073,4957499.97659783,6160222.52662984
419039327,44.5464838,48.5107468,4958891.89324681,6160225.34128548
419039329,44.6412249,48.5106518,4969438.42425601,6160209.42509035
419039333,44.6189945,48.5121598,4966963.74744787,6160462.07728898
419039337,44.6366211,48.5119736,4968925.93158429,6160430.88069972
419039338,44.5512811,48.5121211,4959425.92623999,6160455.59334821
419039341,44.64927,48.51213,4970334.00069139,6160457.0844866
419039342,44.5182718,48.5120804,4955751.34777255,6160448.77432543
419039343,44.5080378,48.5120363,4954612.10410377,6160441.38566078
419039344,44.5524292,48.5119921,4959553.73214737,6160433.98024827
419039345,44.5451578,48.5121306,4958744.28360202,6160457.1850128
419039347,44.567324,48.5120648,4961211.81369884,6160446.1606474
419039352,44.5521823,48.5119433,4959526.24736509,6160425.80414428
419039353,44.50328,48.51202,4954082.46823048,6160438.65470473
419039354,44.6015534,48.511835,4965022.213077,6160407.65925326
419039355,44.4977768,48.5119067,4953469.85480874,6160419.67207148
419039356,44.5773652,48.5119461,4962329.59496979,6160426.27326479
419039360,44.5797493,48.5117905,4962594.99176779,6160400.20360759
419039363,44.532923,48.5118748,4957382.31189606,6160414.32745429
419039365,44.5379286,48.5111009,4957939.53273918,6160284.667073
419039368,44.5398728,48.5124599,4958155.96009318,6160512.35731921
419039371,44.5766321,48.512396,4962247.98665109,6160501.65121636
419039374,44.6059387,48.512301,4965510.38243998,6160485.73450015
419039376,44.5108616,48.5123867,4954926.44808187,6160500.09305229
419039377,44.4981248,48.5124342,4953508.59399154,6160508.05142019
419039378,44.5993927,48.512376,4964781.68505324,6160498.30032625
419039379,44.5305365,48.5123378,4957116.64793128,6160491.90012981
419039380,44.4978962,48.5120799,4953483.14635594,6160448.69055369
419039381,44.5059373,48.5123039,4954378.27751336,6160486.22037841
419039384,44.5505523,48.5122057,4959344.7965951,6160469.76755078
419039385,44.6003565,48.5122192,4964888.97477847,6160472.02939381
419039386,44.5768019,48.5122804,4962266.88870063,6160482.28308985
419039387,44.6007207,48.5121997,4964929.51733701,6160468.7622874
419039388,44.6005268,48.5121531,4964907.93248775,6160460.95474591
419039389,44.5008664,48.5122965,4953813.7875075,6160484.98055117
419039391,44.5175871,48.5122541,4955675.1273172,6160477.87667973
419039395,44.5445142,48.5122637,4958672.63837774,6160479.48510293
419039396,44.5073435,48.511401,4954534.81498131,6160334.94604629
419039397,44.64286,48.51153,4969620.4427554,6160356.55889261
419039398,44.5894062,48.5115515,4963669.99295844,6160360.16103904
419039400,44.5135781,48.5115908,4955228.84747861,6160366.74543161
419039402,44.58427,48.5115715,4963098.23378982,6160363.51187432
419039403,44.5528322,48.5115829,4959598.59390216,6160365.42185102
419039405,44.5694701,48.5113758,4961450.71645803,6160330.72400836
419039406,44.53274,48.51142,4957361.94042925,6160338.12933026
419039407,44.5104732,48.5113808,4954883.21159165,6160331.56171413
419039408,44.5639776,48.5114275,4960839.29415485,6160339.38589005
419039411,44.5502389,48.5114366,4959309.90906669,6160340.91051618
419039412,44.5083073,48.5111466,4954642.10470654,6160292.32366506
419039414,44.5047782,48.5113012,4954249.24709158,6160318.22544813
419039415,44.5508905,48.5113055,4959382.44484689,6160318.94587401
419039416,44.502631,48.5114129,4954010.22188095,6160336.93978716
419039418,44.5202561,48.5113272,4955972.23903813,6160322.58151259
419039421,44.55154,48.5111776,4959454.74685616,6160297.51741855
419039422,44.5595732,48.5113052,4960348.9985896,6160318.89561174
419039424,44.53323,48.51133,4957416.48697973,6160323.05062736
419039425,44.4990454,48.5109468,4953611.07471476,6160258.84916279
419039426,44.5526227,48.5112787,4959575.27246884,6160314.45577876
419039427,44.5531415,48.5113309,4959633.02502066,6160323.20141425
419039428,44.4977707,48.5117267,4953469.17575985,6160389.51440125
419039429,44.5523813,48.5118967,4959548.39994376,6160417.99664253
419039430,44.5466144,48.5118682,4958906.43157231,6160413.22167184
419039431,44.500219,48.5118342,4953741.71926916,6160407.52521912
419039433,44.6322164,48.5116834,4968435.60262319,6160382.25982221
419039435,44.5479998,48.5118491,4959060.65359485,6160410.02160528
419039436,44.6223226,48.5111875,4967334.22984518,6160299.17606954
419039441,44.5472915,48.5117716,4958981.80599952,6160397.03705446
419039442,44.5483489,48.5118117,4959099.51522909,6160403.75550987
419039443,44.5187264,48.511935,4955801.95361306,6160424.41353722
419039445,44.5490541,48.5116699,4959178.017734,6160379.99800323
419039446,44.5103301,48.5116166,4954867.28177252,6160371.06801274
419039447,44.6321022,48.511579,4968422.88993734,6160364.76843788
419039448,44.5074822,48.5115171,4954550.25499469,6160354.39760549
419039451,44.5726491,48.5116393,4961804.60111926,6160374.87121579
419039454,44.6321622,48.5114266,4968429.56910679,6160339.23510287
419039455,44.4979003,48.5115008,4953483.60276585,6160351.66667759
419039459,44.6023954,48.5111288,4965115.94408825,6160289.34144676
419039461,44.5859268,48.5130166,4963282.66792217,6160605.62999794
419039462,44.5821202,48.5129814,4962858.91914852,6160599.73235955
419039463,44.53428,48.51301,4957533.37244507,6160604.52419043
419039464,44.5370818,48.5129695,4957845.26739437,6160597.7385566
419039466,44.4974797,48.5130159,4953436.78178803,6160605.51271532
419039469,44.6414861,48.5122588,4969467.500907,6160478.66413689
419039470,44.5244905,48.5129987,4956443.61028995,6160602.63091427
419039471,44.5495091,48.5130639,4959228.66810231,6160613.554956
419039473,44.5203778,48.5129548,4955985.78662016,6160595.2756242
419039474,44.5865187,48.5130329,4963348.55792877,6160608.36100802
419039475,44.60102,48.51301,4964962.83526061,6160604.52419043
419039477,44.5454627,48.5128486,4958778.22491476,6160577.48221549
419039480,44.60095,48.51285,4964955.04289625,6160577.71677996
419039481,44.6382422,48.5127619,4969106.39161082,6160562.95598592
419039482,44.5995762,48.5127761,4964802.1121798,6160565.335136
419039483,44.5661909,48.5128128,4961085.67758382,6160571.48406923
419039484,44.63777,48.512782,4969053.82654726,6160566.3236563
419039486,44.5528383,48.5129477,4959599.27295106,6160594.08604485
419039488,44.5507702,48.5128797,4959369.05311215,6160582.69289909
419039491,44.49954,48.5129128,4953666.13333491,6160588.23867842
419039492,44.5528338,48.5131387,4959598.77201335,6160626.08746302
419039493,44.5856715,48.513188,4963254.24805617,6160634.34753463
419039494,44.60121,48.51314,4964983.98596386,6160626.30527413
419039495,44.6205,48.51314,4967131.33894126,6160626.30527413
419039497,44.5334624,48.5131812,4957442.3576294,6160633.20821393
419039500,44.4977822,48.5130624,4953470.45593399,6160613.30363587
419039503,44.58179,48.5131442,4962822.16145266,6160627.00897162
419039505,44.536479,48.5131495,4957778.16400532,6160627.89697092
419039506,44.5488801,48.5131844,4959158.6481426,6160633.74436483
419039508,44.5237932,48.5130737,4956365.98720902,6160615.19691442
419039510,44.5483891,48.5130872,4959103.99027262,6160617.45879643
419039511,44.5257971,48.5130633,4956589.06033662,6160613.45442795
419039512,44.50963,48.51305,4954789.34699701,6160611.22605635
419039513,44.6457576,48.5129957,4969943.00211192,6160602.12827465
419039514,44.5344118,48.5130242,4957548.04435395,6160606.90335222
419039516,44.6476,48.51309,4970148.09714176,6160617.92792759
419039517,44.5780661,48.5130044,4962407.61880089,6160603.58592962
419039520,44.5205608,48.5130802,4956006.15808698,6160616.28596865
419039521,44.5758169,48.5130252,4962157.2390022,6160607.07089885
419039525,44.5092562,48.5124921,4954747.73577136,6160517.75226195
419039528,44.60089,48.5126,4964948.36372681,6160535.83037157
419039531,44.5529515,48.5125957,4959611.87431741,6160535.10992717
419039535,44.4993139,48.5126218,4953640.96399804,6160539.48285811
419039536,44.5389658,48.5126376,4958054.99331503,6160542.13007411
419039537,44.4968769,48.5124332,4953369.67839898,6160507.88387553
419039538,44.580929,48.5125482,4962726.31537108,6160527.15153376
419039539,44.5332381,48.512658,4957417.38866761,6160545.5479998
419039541,44.5529612,48.5123571,4959612.95411647,6160495.13373631
419039543,44.4990439,48.5124465,4953610.90773553,6160510.11221984
419039546,44.6389892,48.5126055,4969189.54727044,6160536.75187032
419039547,44.6010115,48.5123566,4964961.88904494,6160495.0499641
419039548,44.5712708,48.5125567,4961651.1694651,6160528.57566676
419039552,44.5620693,48.5124061,4960626.86317057,6160503.34341638
419039553,44.64863,48.51256,4970262.75621728,6160529.12856553
419039554,44.5256623,48.5124948,4956574.05446926,6160518.20463307
419039555,44.5089875,48.5121838,4954717.82422418,6160466.09834003
419039556,44.571358,48.5126437,4961660.8765247,6160543.15210077
419039557,44.5855797,48.5127811,4963244.02892691,6160566.17286506
419039558,44.5094322,48.5127587,4954767.32800173,6160562.41983952
419039561,44.6416639,48.5123672,4969487.29351246,6160496.82593501
419039562,44.508821,48.5127509,4954699.28952896,6160561.11298281
419039563,44.6198719,48.5127373,4967061.4191691,6160558.83436133
419039564,44.520274,48.5128172,4955974.23165702,6160572.22127133
419039566,44.5484903,48.5127773,4959115.25580509,6160565.53619097
419039569,44.50164,48.51284,4953899.90426558,6160576.04131963
419039570,44.5111132,48.5126724,4954954.45606576,6160547.96065406
419039572,44.5712872,48.512573,4961652.99510475,6160531.30665191
419039573,44.5529315,48.5127275,4959609.6479276,6160557.19241388
419039577,44.5232273,48.5125198,4956302.99150918,6160522.39325581
419039578,44.5349604,48.512603,4957609.1142266,6160536.33300724
419039580,44.4970207,48.512533,4953385.68614175,6160524.60484945
419039583,44.5085085,48.5124844,4954664.50218809,6160516.46216663
419039584,44.5344051,48.5127112,4957547.29851337,6160554.46142036
419039585,44.4984581,48.5127327,4953545.69677782,6160558.06365126
419039587,44.53825,48.51275,4957975.31082352,6160560.96219166
419039590,44.5981557,48.5138623,4964643.98284313,6160747.32535
419039591,44.6455794,48.5136348,4969923.16497866,6160709.20794381
419039592,44.5511327,48.5134939,4959409.40642756,6160685.60037067
419039593,44.5431833,48.5138375,4958524.48326745,6160743.17012549
419039594,44.54593,48.51382,4958830.24451281,6160740.23801266
419039595,44.5485429,48.513852,4959121.1112103,6160745.59959119
419039596,44.5692065,48.5137414,4961421.37264026,6160727.06864985
419039598,44.5431419,48.5137401,4958519.87464053,6160726.85083614
419039600,44.5029226,48.5137949,4954042.68264447,6160736.03252688
419039601,44.51023,48.5138,4954856.13869149,6160736.8870278
419039602,44.60226,48.51378,4965100.87142919,6160733.53604428
419039603,44.6416073,48.5135578,4969480.99282928,6160696.30670687
419039604,44.6392119,48.5137937,4969214.33812104,6160735.83146785
419039606,44.5863935,48.5137434,4963334.62072852,6160727.40374788
419039607,44.5827002,48.5146607,4962923.48445318,6160881.0978644
419039608,44.54404,48.51391,4958619.85067521,6160755.31746096
419039609,44.5695708,48.5138526,4961461.92633075,6160745.70012081
419039612,44.6464924,48.513585,4970024.79967376,6160700.86402468
419039614,44.54488,48.51388,4958713.35904748,6160750.2909752
419039615,44.54439,48.51388,4958658.81249699,6160750.2909752
419039617,44.6466155,48.5134713,4970038.50310308,6160681.81378239
419039618,44.5695088,48.513787,4961455.02452233,6160734.70888836
419039619,44.5423091,48.5138947,4958427.16776859,6160752.75395284
419039620,44.54117,48.51391,4958300.36373663,6160755.31746096
419039621,44.5391664,48.5138931,4958077.32400488,6160752.48587361
419039622,44.5206707,48.5137918,4956018.39209901,6160735.5131244
419039623,44.50055,48.51367,4953778.56602061,6160715.1056587
419039626,44.50523,48.51367,4954299.54123752,6160715.1056587
419039627,44.51197,48.51367,4955049.83460547,6160715.1056587
419039628,44.54433,48.51367,4958652.13332754,6160715.1056587
419039629,44.5449365,48.5136638,4958719.64859871,6160714.06685635
419039632,44.5093292,48.5132081,4954755.86209418,6160637.7152335
419039633,44.549336,48.513439,4959209.39869845,6160676.40197999
419039634,44.5460675,48.5137357,4958845.55094279,6160726.11362052
419039635,44.5695542,48.5135019,4961460.07842721,6160686.9407563
419039636,44.5727465,48.5134945,4961815.44363767,6160685.70089958
419039637,44.50503,48.51363,4954277.27733936,6160708.40371029
419039639,44.520813,48.5134444,4956034.23286255,6160677.30673928
419039640,44.5337,48.51365,4957468.80714041,6160711.75468383
419039642,44.5746498,48.5138618,4962027.31802449,6160747.24157529
419039644,44.5122297,48.5138365,4955078.74427723,6160743.00257616
419039647,44.5533573,48.5136301,4959657.04776678,6160708.42046515
419039648,44.5207968,48.5135419,4956032.4294868,6160693.64268767
419039650,44.5437211,48.5136316,4958584.3508896,6160708.67178812
419039651,44.5422278,48.5136979,4958418.11749399,6160719.78027087
419039653,44.5045998,48.513742,4954229.38769442,6160727.16917926
419039654,44.5437593,48.5137203,4958588.60329414,6160723.53336639
419039656,44.5394925,48.5137714,4958113.62529083,6160732.09512178
419039657,44.5829995,48.5144703,4962956.80237677,6160849.19601011
419039659,44.5530376,48.5134189,4959621.45892557,6160673.03426569
419039660,44.634679,48.5132694,4968709.73800122,6160647.98588558
419039661,44.5207661,48.5133265,4956029.01197844,6160657.55285008
419039662,44.5410022,48.5134884,4958281.68432608,6160684.67885567
419039663,44.50059,48.51348,4953783.01880024,6160683.27145113
419039666,44.5797819,48.5133807,4962598.62078319,6160666.63393675
419039667,44.4984003,48.5135392,4953539.26251125,6160693.19030714
419039668,44.51177,48.51346,4955027.57070731,6160679.9204889
419039670,44.5634412,48.5143821,4960779.58237999,6160834.41798612
419039671,44.5513308,48.513572,4959431.45881868,6160698.68589454
419039673,44.4957487,48.513211,4953244.08774946,6160638.2011205
419039676,44.5853803,48.5133801,4963221.83182045,6160666.53340806
419039677,44.6465417,48.5133888,4970030.28772466,6160667.99107415
419039678,44.5443249,48.513566,4958651.56559814,6160697.68060389
419039680,44.60198,48.51356,4965069.70197177,6160696.67531336
419039681,44.5449541,48.5135557,4958721.60782174,6160695.95485523
419039683,44.513469,48.5133822,4955216.70252217,6160666.88525847
419039684,44.643171,48.5133327,4969655.06311704,6160658.59164548
419039685,44.604945,48.5135356,4965399.76426197,6160692.58713313
419039686,44.5616833,48.5135139,4960583.89384712,6160688.95133515
419039688,44.50997,48.51352,4954827.19562388,6160689.97337959
419039693,44.5070732,48.5132522,4954504.72532295,6160645.10407003
419039696,44.5300975,48.51258,4957067.77867482,6160532.47946789
419039697,44.5449175,48.5132508,4958717.53352838,6160644.86950369
419039698,44.644812,48.5130735,4969837.73840143,6160615.16340506
419039699,44.5494023,48.5132879,4959216.77918069,6160651.08551388
419039702,44.5098,48.51329,4954808.27131045,6160651.43736365
419039704,44.6414201,48.5119854,4969460.15382061,6160432.85770893
419039705,44.5850311,48.5131431,4963182.95905427,6160626.82466989
419039706,44.5869371,48.513235,4963395.13400372,6160642.22225547
419039710,44.5452389,48.5132017,4958753.31161272,6160636.64293122
419039711,44.60134,48.5132,4964998.45749766,6160636.35810096
419039712,44.5317354,48.5133986,4957250.10886879,6160669.63304316
419039713,44.5859626,48.5133925,4963286.65315994,6160668.61100119
419039714,44.5814332,48.5134512,4962782.44265834,6160678.44606594
419039718,44.64685,48.5133812,4970064.60752367,6160666.71771065
419039719,44.5482389,48.5133717,4959087.2700851,6160665.12600655
419039720,44.5352,48.51337,4957635.7863766,6160664.84117532
419039722,44.6452355,48.5131897,4969884.88220578,6160634.63236484
419039723,44.6450073,48.51316,4969859.47909798,6160629.65621508
419039725,44.578076,48.5133453,4962408.72086385,6160660.70274619
419039726,44.645408,48.5131703,4969904.08481794,6160631.38195018
419039729,44.5528789,48.5133317,4959603.79252238,6160658.42409782
419039733,44.5686018,48.5145556,4961354.05774418,6160863.48815996
419039737,44.53574,48.51459,4957695.89890162,6160869.25194119
419039739,44.520498,48.5144103,4955999.16722295,6160839.14292975
419039740,44.5760283,48.5147059,4962180.77194255,6160888.67122147
419039741,44.5486294,48.5145857,4959130.74034626,6160868.53146833
419039742,44.5374248,48.5146229,4957883.44997971,6160874.76439844
419039746,44.5209866,48.5144281,4956053.55792616,6160842.12534234
419039749,44.5972518,48.5146938,4964543.3611554,6160886.64383982
419039751,44.5341842,48.514664,4957522.70803785,6160881.65078626
419039752,44.53529,48.51468,4957645.80513077,6160884.33162002
419039756,44.647885,48.5145324,4970179.82319664,6160859.60096088
419039757,44.5041806,48.5147334,4954182.72256388,6160893.27890886
419039758,44.5500201,48.5147514,4959285.5523621,6160896.29485106
419039759,44.5502857,48.5146445,4959315.11881886,6160878.38352127
419039764,44.5858932,48.5141736,4963278.92758728,6160799.48364456
419039765,44.5800251,48.514353,4962625.69368336,6160829.54224919
419039766,44.5204127,48.5141476,4955989.67167039,6160795.12733393
419039771,44.6470991,48.5142364,4970092.33720882,6160810.00581951
419039773,44.5255604,48.5144939,4956562.71101315,6160853.15022499
419039774,44.6031656,48.5143274,4965201.68236006,6160825.25294343
419039775,44.5764693,48.5144118,4962229.86383799,6160839.39425662
419039778,44.5631408,48.514537,4960746.14200495,6160860.37169849
419039779,44.53518,48.51449,4957633.55998678,6160852.4967741
419039780,44.584387,48.5144288,4963111.25817025,6160842.24262825
419039781,44.6380738,48.5147329,4969087.64540857,6160893.1951327
419039785,44.5520395,48.5145541,4959510.35094181,6160863.23683238
419039786,44.5579749,48.5144556,4960171.07664747,6160846.73300431
419039787,44.5798423,48.5144966,4962605.34448044,6160853.6026141
419039788,44.50154,48.51453,4953888.7723165,6160859.19883694
419039789,44.5691056,48.5145597,4961410.14050364,6160864.17512205
419039791,44.549059,48.5146493,4959178.5631995,6160879.18777099
419039792,44.5582018,48.5146005,4960196.33503992,6160871.01123567
419039797,44.4990429,48.5141517,4953610.79641603,6160795.81429045
419039798,44.5684972,48.5141616,4961342.41372544,6160797.47303937
419039799,44.6463575,48.5139278,4970009.78267445,6160758.29984392
419039800,44.618584,48.5141015,4966918.0507969,6160787.40326561
419039801,44.51062,48.51417,4954899.5532929,6160798.88046295
419039802,44.5516007,48.5140221,4959461.50394925,6160774.09978924
419039803,44.5848827,48.5141097,4963166.43924183,6160788.77717746
419039804,44.496899,48.5142772,4953372.13855972,6160816.84188924
419039805,44.5965912,48.5142534,4964469.82349978,6160812.85418122
419039807,44.5682337,48.5141447,4961313.08103961,6160794.64143788
419039808,44.54799,48.51423,4959059.56266384,6160808.93349534
419039810,44.5424843,48.5142092,4958446.67094338,6160805.44844276
419039811,44.53763,48.51421,4957906.29273922,6160805.58248322
419039812,44.5522132,48.5140023,4959529.68713736,6160770.78230092
419039813,44.576803,48.5141918,4962267.01115207,6160802.53306333
419039816,44.5393182,48.5142531,4958094.22230358,6160812.80391601
419039817,44.5534267,48.5142717,4959664.77333944,6160815.92035991
419039818,44.5080302,48.5141848,4954611.25807564,6160801.36020983
419039819,44.5284507,48.5149545,4956884.45773739,6160930.32480686
419039820,44.510939,48.5144458,4954935.06421046,6160845.09100085
419039823,44.4936887,48.514161,4953014.76959843,6160797.37250912
419039825,44.6466359,48.5137504,4970040.77402069,6160728.57659111
419039826,44.5739757,48.5143162,4961952.27755575,6160823.37637284
419039828,44.6385751,48.5141913,4969143.4498693,6160802.44928808
419039829,44.5534776,48.5137813,4959670.43950152,6160733.75385817
419039836,44.54536,48.51395,4958766.79240306,6160762.01944663
419039837,44.601843,48.5139396,4965054.45120153,6160760.27692984
419039838,44.6430474,48.5137384,4969641.30402797,6160726.56600282
419039841,44.5699569,48.5138202,4961504.90678615,6160740.27152251
419039843,44.4963192,48.5137414,4953307.59551896,6160727.06864985
419039844,44.5772365,48.5139084,4962315.26815133,6160755.04938164
419039845,44.5423514,48.5139971,4958431.87658306,6160769.91104157
419039846,44.6388838,48.513936,4969177.81419611,6160759.67375104
419039847,44.6020047,48.5139227,4965072.45156319,6160757.44534083
419039848,44.6464288,48.5137154,4970017.71975414,6160722.7123766
419039850,44.50559,48.51399,4954339.61625421,6160768.72143762
419039852,44.5432757,48.5140552,4958534.7691884,6160779.64569435
419039853,44.6023944,48.513949,4965115.83276876,6160761.85189692
419039857,44.5509312,48.5138911,4959386.97555016,6160752.15077458
419039859,44.5697528,48.513935,4961482.18647808,6160759.50620138
419039860,44.6191171,48.514097,4966977.39521744,6160786.64928969
419039861,44.5211731,48.5143811,4956074.31901119,6160834.25043498
419039863,44.54177,48.51412,4958367.15543111,6160790.5029451
419039864,44.5463,48.51412,4958871.4327244,6160790.5029451
419039865,44.582446,48.5148164,4962895.18703862,6160907.1857624
419039867,44.52687,48.5141379,4956708.49501829,6160793.50209554
419039869,44.6416588,48.5152657,4969486.72578306,6160982.46747703
419039870,44.59636,48.51535,4964444.08643351,6160996.59229822
419039874,44.5344798,48.5153724,4957555.61407933,6161000.34551684
419039875,44.5786402,48.5153514,4962471.52732056,6160996.82687434
419039876,44.5756104,48.5153572,4962134.25152735,6160997.79868974
419039878,44.5222278,48.515325,4956191.72767813,6160992.40344013
419039880,44.5765968,48.5152717,4962244.05707307,6160983.4728016
419039881,44.53956,48.51532,4958121.13935646,6160991.56566876
419039882,44.5255084,48.515299,4956556.92239962,6160988.04702991
419039885,44.59081,48.515116,4963826.26325961,6160957.38466778
419039886,44.5425744,48.5153499,4958456.7008295,6160996.57554279
419039889,44.5664907,48.5152266,4961119.05116716,6160975.91611485
419039890,44.535222,48.515272,4957638.23540539,6160983.52306784
419039892,44.5429505,48.5152799,4958498.56808999,6160984.84674538
419039894,44.5100866,48.5153073,4954840.17547651,6160989.43772985
419039895,44.5248193,48.5152826,4956480.21213852,6160985.29914154
419039896,44.5675454,48.5153288,4961236.4598341,6160993.04014642
419039897,44.6004563,48.5151929,4964900.08446365,6160970.26954846
419039899,44.5371292,48.5152692,4957850.54393824,6160983.05391635
419039900,44.5516778,48.5152639,4959470.08668199,6160982.16587969
419039901,44.5674796,48.5152617,4961229.13501161,6160981.79726072
419039904,44.5415576,48.5152806,4958343.51117126,6160984.96403327
419039907,44.5753519,48.5151677,4962105.47543898,6160966.04719267
419039908,44.5255196,48.5151794,4956558.16917792,6160968.00757188
419039909,44.50913,48.51517,4954733.68725162,6160966.43256633
419039910,44.49278,48.51517,4952913.61357715,6160966.43256633
419039911,44.5001325,48.5152389,4953732.0901332,6160977.97702875
419039912,44.6431828,48.5150082,4969656.37668703,6160939.32241042
419039915,44.5107439,48.5151508,4954913.34577781,6160963.21553462
419039916,44.5100976,48.5151971,4954841.39999091,6160970.97327463
419039917,44.5424734,48.5151199,4958445.45756093,6160958.03812679
419039919,44.5248304,48.5151684,4956481.44778487,6160966.16448031
419039920,44.5610432,48.5149713,4960512.63824106,6160933.13969857
419039921,44.55145,48.51515,4959444.72810199,6160963.08149166
419039923,44.5399702,48.5151727,4958166.80261158,6160966.88496151
419039928,44.6319167,48.5151916,4968402.2401718,6160970.05172847
419039930,44.5366449,48.5151192,4957796.63190884,6160957.92083927
419039931,44.5768719,48.5150893,4962274.68106498,6160952.91098819
419039935,44.5535189,48.5150417,4959675.03699649,6160944.93544544
419039936,44.55939,48.51504,4960328.60485889,6160944.65060477
419039937,44.4952843,48.5151025,4953192.39097794,6160955.12269466
419039939,44.52817,48.51507,4956853.21035632,6160949.6772063
419039943,44.5381,48.51504,4957958.6128999,6160944.65060477
419039944,44.5364714,48.5150383,4957777.31797719,6160944.36576411
419039945,44.648385,48.5148535,4970235.48294203,6160913.4019658
419039947,44.5278319,48.5150512,4956815.57323648,6160946.52720232
419039948,44.5114101,48.5150436,4954987.50682257,6160945.25379679
419039950,44.5107149,48.5150644,4954910.11751258,6160948.73890712
419039952,44.5486688,48.5150395,4959135.12633419,6160944.5668281
419039953,44.5170115,48.5150482,4955611.0518183,6160946.02454222
419039954,44.5119008,48.5149827,4955042.13129671,6160935.04980418
419039956,44.55048,48.51498,4959336.74819592,6160934.5974107
419039958,44.55031,48.51494,4959317.82388248,6160927.89528798
419039960,44.5482957,48.5149635,4959093.59303218,6160931.83278444
419039961,44.585257,48.5147113,4963208.10612724,6160889.57600353
419039963,44.5066201,48.5149405,4954454.28646167,6160927.97906449
419039964,44.512339,48.514954,4955090.91149757,6160930.24103033
419039965,44.5131206,48.5149445,4955177.91881158,6160928.64927652
419039967,44.4975033,48.5148889,4953439.40892801,6160919.33333395
419039969,44.5771039,48.5149238,4962300.50718685,6160925.18092979
419039970,44.511387,48.5149506,4954984.93534234,6160929.67134999
419039973,44.5534589,48.5149017,4959668.35782704,6160921.47801047
419039976,44.5501,48.51487,4959294.44678942,6160916.16658602
419039979,44.4925087,48.514651,4952883.41259929,6160879.47260946
419039982,44.6482182,48.5146445,4970216.91485097,6160878.38352127
419039983,44.6034435,48.5147238,4965232.61804655,6160891.67040679
419039984,44.55001,48.51483,4959284.42803525,6160909.46447794
419039987,44.54964,48.51481,4959243.23982365,6160906.11342589
419039988,44.53934,48.51481,4958096.64906848,6160906.11342589
419039990,44.5118926,48.5148907,4955041.21847688,6160919.63492905
419039993,44.6422366,48.5146161,4969551.04618484,6160873.62504528
419039995,44.5711064,48.5145378,4961632.86854082,6160860.50573982
419039996,44.5734516,48.5146846,4961893.93501063,6160885.10235988
419039997,44.5768318,48.514756,4962270.2171534,6160897.06559201
419040001,44.5690415,48.51463,4961403.00492428,6160875.95401734
419040004,44.5499878,48.5147731,4959281.95674255,6160899.93073836
419040005,44.5533551,48.5146311,4959656.8028639,6160876.13832451
419040007,44.5423001,48.5147255,4958426.16589318,6160891.95524568
419040010,44.49858,48.51593,4953559.26662375,6161093.77438976
419040012,44.5357291,48.5159504,4957694.68551918,6161097.19253887
419040016,44.5247551,48.5158894,4956473.06542721,6161086.97160693
419040018,44.5384671,48.5159474,4957999.47828497,6161096.6898698
419040020,44.5346512,48.5159568,4957574.69424005,6161098.26489966
419040021,44.5742122,48.5159278,4961978.60461532,6161093.40576592
419040022,44.5821754,48.5159447,4962865.06398441,6161096.23746766
419040023,44.4934741,48.51599,4952990.88043571,6161103.82777345
419040025,44.53984,48.51599,4958152.30881388,6161103.82777345
419040026,44.6016209,48.5157272,4965029.72714263,6161059.79404155
419040029,44.6446709,48.5156697,4969822.03122128,6161050.15959887
419040035,44.5823511,48.5158331,4962884.62281894,6161077.5382004
419040037,44.506724,48.5165778,4954465.85255677,6161202.3180557
419040038,44.5902052,48.5156128,4963758.93723158,6161040.62570035
419040042,44.5362848,48.5158602,4957756.54576021,6161082.07896847
419040043,44.55739,48.51575,4960105.9658773,6161063.61431055
419040046,44.53973,48.51575,4958140.06366989,6161063.61431055
419040047,44.5571831,48.5157657,4960082.93387465,6161066.24493539
419040052,44.5568932,48.5157991,4960050.66235427,6161071.84129924
419040053,44.6479448,48.5154743,4970186.48010219,6161017.41933155
419040055,44.5558797,48.5156686,4959937.84005035,6161049.97528791
419040056,44.5576563,48.5157242,4960135.6102577,6161059.2913747
419040058,44.5627342,48.5156721,4960700.8795,6161050.56173192
419040060,44.6023419,48.5157046,4965109.98849549,6161056.00728538
419040065,44.5083763,48.515789,4954649.78575141,6161070.14898524
419040067,44.5965912,48.5156834,4964469.82349978,6161052.45510857
419040069,44.5427142,48.5157648,4958472.26329432,6161066.09413522
419040073,44.5356831,48.515715,4957689.5648226,6161057.74986323
419040074,44.4906954,48.5157666,4952681.55696664,6161066.39573557
419040076,44.60168,48.51573,4965036.30612453,6161060.26319729
419040077,44.5944836,48.5157798,4964235.20654099,6161068.60747178
419040078,44.5989811,48.5155781,4964735.86595083,6161034.81153553
419040080,44.5664478,48.5156107,4961114.27556101,6161040.27383436
419040082,44.49617,48.5156,4953290.98665094,6161038.48099355
419040085,44.5379918,48.5155468,4957946.56813099,6161029.56706177
419040086,44.54018,48.51567,4958190.15744075,6161050.2098655
419040090,44.6412624,48.5156891,4969442.59873691,6161053.41017483
419040091,44.5748021,48.515547,4962044.27198294,6161029.60057278
419040092,44.5752856,48.5155857,4962098.09495674,6161036.08495457
419040094,44.4959132,48.5157123,4953262.3998057,6161057.29746317
419040095,44.5846742,48.5153238,4963143.229128,6160992.20237499
419040097,44.5334206,48.5155038,4957437.70447468,6161022.36219898
419040098,44.5095215,48.515464,4954777.26883226,6161015.69351751
419040099,44.6439137,48.5153362,4969737.74010285,6160994.2800483
419040100,44.6373456,48.5154411,4969006.58255537,6161011.85651472
419040105,44.5665534,48.51552,4961126.03089924,6161025.07658843
419040106,44.5573614,48.5156628,4960102.78213986,6161049.00346649
419040107,44.5053272,48.5155829,4954310.36149203,6161035.61580017
419040110,44.53831,48.51556,4957981.98999296,6161031.77878833
419040111,44.4928848,48.5154209,4952925.27985978,6161008.4719111
419040113,44.5358064,48.5155179,4957703.29051581,6161024.72472308
419040122,44.560917,48.5153288,4960498.58972133,6160993.04014642
419040124,44.5723682,48.5153665,4961773.3314743,6160999.35694571
419040125,44.5419932,48.5154581,4958392.00194145,6161014.70494457
419040127,44.53456,48.5154789,4957564.54190249,6161018.19008357
419040128,44.5774907,48.51547,4962343.56556589,6161016.69884603
419040130,44.5248078,48.515487,4956478.93196437,6161019.54727751
419040133,44.5749299,48.5154616,4962058.49861387,6161015.29138613
419040134,44.5757812,48.5154561,4962153.26489638,6161014.36983513
419040135,44.5666075,48.5153848,4961132.05328369,6161002.42319215
419040136,44.5574977,48.5155556,4960117.95498646,6161031.04154608
419040138,44.5340132,48.5154117,4957503.67240492,6161006.9304089
419040139,44.5321234,48.5153974,4957293.30083122,6161004.53437888
419040140,44.5517352,48.5154079,4959476.47642076,6161006.29370156
419040141,44.5352597,48.5153785,4957642.4321502,6161001.36759899
419040142,44.5234644,48.5153596,4956329.38536044,6160998.20082028
419040143,44.50263,48.51545,4954010.11056146,6161013.34775141
419040144,44.5334689,48.5154309,4957443.08120609,6161010.14745728
419040148,44.5093012,48.5154077,4954752.74514844,6161006.26019065
419040151,44.4902191,48.5154674,4952628.53549317,6161016.26320366
419040152,44.5389352,48.5168856,4958051.58693861,6161253.89270425
419040153,44.5474792,48.5167326,4959002.70066795,6161228.25614364
419040155,44.5988499,48.5166635,4964721.26083364,6161216.67782709
419040156,44.6321469,48.5166696,4968427.86591858,6161217.69993544
419040157,44.5193197,48.5168309,4955867.99946695,6161244.72720599
419040158,44.572356,48.5168854,4961771.97337651,6161253.85919236
419040159,44.4878,48.51691,4952359.242513,6161257.98115641
419040160,44.5746477,48.5168258,4962027.08425356,6161243.87265364
419040161,44.636454,48.5164718,4968907.33009738,6161184.55687867
419040162,44.6468505,48.5167619,4970064.66318341,6161233.16562275
419040163,44.5193915,48.5167975,4955875.99220639,6161239.13072749
419040165,44.5764878,48.5168158,4962231.92324857,6161242.19706106
419040166,44.4996708,48.5168965,4953680.6939243,6161255.71910271
419040167,44.5369,48.51687,4957825.02951095,6161251.27877686
419040169,44.5739066,48.5167038,4961944.58537894,6161223.43044683
419040171,44.5925713,48.5167643,4964022.33027874,6161233.56776451
419040172,44.6297438,48.5166211,4968160.35405026,6161209.57333971
419040174,44.4919083,48.5168321,4952816.57637702,6161244.92827714
419040175,44.5349547,48.516785,4957608.47970551,6161237.03623798
419040177,44.5198529,48.5167104,4955927.35501944,6161224.53633544
419040181,44.5729885,48.5167235,4961842.38295444,6161226.7313572
419040182,44.5465646,48.5165773,4958900.88786167,6161202.23427648
419040183,44.5684506,48.5166022,4961337.22623717,6161206.40648287
419040185,44.53752,48.51676,4957894.04759524,6161232.84726054
419040187,44.56042,48.5169578,4960443.2639344,6161265.99050696
419040190,44.5734907,48.5169685,4961898.28760272,6161267.78339609
419040191,44.5986688,48.5168157,4964701.10087386,6161242.18030513
419040194,44.5726087,48.5169819,4961800.10381184,6161270.02869704
419040197,44.54286,48.517,4958488.49367607,6161273.06152987
419040198,44.5527458,48.5169041,4959588.97589816,6161256.99255509
419040201,44.5330203,48.5168464,4957393.14328251,6161247.32437542
419040202,44.5637631,48.5169156,4960815.41612407,6161258.91948997
419040205,44.5927732,48.5168842,4964044.80568394,6161253.65812099
419040207,44.5891166,48.516638,4963637.7548339,6161212.40508043
419040209,44.574406,48.5169864,4962000.17833264,6161270.78271615
419040210,44.53239,48.51697,4957322.97860747,6161268.03473572
419040212,44.5823682,48.5167994,4962886.52638223,6161239.44908994
419040213,44.5644495,48.5168578,4960891.82582255,6161249.23455215
419040214,44.55106,48.51691,4959401.31350058,6161257.98115641
419040215,44.5247372,48.5168539,4956471.07280832,6161248.58107059
419040216,44.5361317,48.5169869,4957739.50274617,6161270.86649605
419040219,44.5432087,48.5169385,4958527.31078251,6161262.75660509
419040223,44.5046727,48.5172733,4954237.5028853,6161318.85576243
419040229,44.5368538,48.5172542,4957819.88655047,6161315.65535244
419040230,44.6144384,48.5171293,4966456.56471587,6161294.7270469
419040231,44.53068,48.51719,4957132.62227821,6161304.89796232
419040233,44.646402,48.5173057,4970014.73639179,6161324.28473293
419040236,44.6436554,48.5167611,4969708.98627838,6161233.0315755
419040238,44.5185369,48.5172255,4955780.85856956,6161310.8463617
419040240,44.53222,48.51715,4957304.05429403,6161298.19554551
419040241,44.5280164,48.5171269,4956836.11168253,6161294.32490222
419040242,44.5869066,48.5170612,4963391.73875925,6161283.31619921
419040243,44.5652462,48.5172033,4960980.51406087,6161307.12651709
419040244,44.5351663,48.517131,4957632.03490976,6161295.01189938
419040246,44.5627569,48.5170464,4960703.40645244,6161280.83631071
419040247,44.54228,48.5171,4958423.92837141,6161289.81753198
419040248,44.5376476,48.5171131,4957908.25196226,6161292.01257072
419040249,44.53147,48.51708,4957220.56467594,6161286.46632889
419040250,44.5047982,48.5173039,4954251.4734814,6161323.98312337
419040251,44.5727701,48.5170395,4961818.07077765,6161279.68014672
419040254,44.6331564,48.5158911,4968540.24294454,6161087.2564524
419040257,44.564112,48.5173147,4960854.25549441,6161325.79278091
419040258,44.5644602,48.5173614,4960893.01694111,6161333.61787865
419040259,44.642916,48.5172041,4969626.67664689,6161307.26056552
419040262,44.6359291,48.5173081,4968848.89849666,6161324.68687903
419040263,44.60462,48.51734,4965363.58542746,6161330.03207279
419040264,44.6422044,48.517119,4969547.46169724,6161293.00117614
419040266,44.586682,48.5172242,4963366.73640162,6161310.62853292
